"gene","uniprot","name","description","namespace"
"AADAT","Q8N5Z0","AADAT","aminoadipate aminotransferase [Source:HGNC Symbol;Acc:HGNC:17929]","ENTREZGENE,GENECARDS,HGNC,UNIPROT_GN,WIKIGENE"
"AASS","Q9UDR5","AASS","aminoadipate-semialdehyde synthase [Source:HGNC Symbol;Acc:HGNC:17366]","ENTREZGENE,GENECARDS,HGNC,UNIPROT_GN,WIKIGENE"
"ABCC6","O95255","ABCC6","ATP binding cassette subfamily C member 6 [Source:HGNC Symbol;Acc:HGNC:57]","ENTREZGENE,GENECARDS,HGNC,UNIPROT_GN,WIKIGENE"
"ABCD1","P33897","ABCD1","ATP binding cassette subfamily D member 1 [Source:HGNC Symbol;Acc:HGNC:61]","ENTREZGENE,GENECARDS,HGNC,UNIPROT_GN,WIKIGENE"
"ABHD14B","Q96IU4","ABHD14B","abhydrolase domain containing 14B [Source:HGNC Symbol;Acc:HGNC:28235]","ENTREZGENE,GENECARDS,HGNC,UNIPROT_GN,WIKIGENE"
"ACACA","Q13085","ACACA","acetyl-CoA carboxylase alpha [Source:HGNC Symbol;Acc:HGNC:84]","ENTREZGENE,GENECARDS,HGNC,UNIPROT_GN,WIKIGENE"
"ACACB","O00763","ACACB","acetyl-CoA carboxylase beta [Source:HGNC Symbol;Acc:HGNC:85]","ENTREZGENE,GENECARDS,HGNC,UNIPROT_GN,WIKIGENE"
"ACAT1","P24752","ACAT1","acetyl-CoA acetyltransferase 1 [Source:HGNC Symbol;Acc:HGNC:93]","DBASS3,ENTREZGENE,GENECARDS,HGNC,UNIPROT_GN,WIKIGENE"
"ACLY","P53396","ACLY","ATP citrate lyase [Source:HGNC Symbol;Acc:HGNC:115]","ENTREZGENE,GENECARDS,HGNC,UNIPROT_GN,WIKIGENE"
"ACOT1","Q86TX2","ACOT1","acyl-CoA thioesterase 1 [Source:HGNC Symbol;Acc:HGNC:33128]","ENTREZGENE,GENECARDS,HGNC,UNIPROT_GN,WIKIGENE"
"ACOT11","Q8WXI4","ACOT11","acyl-CoA thioesterase 11 [Source:HGNC Symbol;Acc:HGNC:18156]","ENTREZGENE,GENECARDS,HGNC,UNIPROT_GN,WIKIGENE"
"ACOT12","Q8WYK0","ACOT12","acyl-CoA thioesterase 12 [Source:HGNC Symbol;Acc:HGNC:24436]","ENTREZGENE,GENECARDS,HGNC,UNIPROT_GN,WIKIGENE"
"ACOT2","P49753","ACOT2","acyl-CoA thioesterase 2 [Source:HGNC Symbol;Acc:HGNC:18431]","ENTREZGENE,GENECARDS,HGNC,UNIPROT_GN,WIKIGENE"
"ACOT4","Q8N9L9","ACOT4","acyl-CoA thioesterase 4 [Source:HGNC Symbol;Acc:HGNC:19748]","ENTREZGENE,GENECARDS,HGNC,UNIPROT_GN,WIKIGENE"
"ACOT6","Q3I5F7","ACOT6","acyl-CoA thioesterase 6 [Source:HGNC Symbol;Acc:HGNC:33159]","ENTREZGENE,GENECARDS,HGNC,UNIPROT_GN,WIKIGENE"
"ACOT7","O00154","ACOT7","acyl-CoA thioesterase 7 [Source:HGNC Symbol;Acc:HGNC:24157]","ENTREZGENE,GENECARDS,HGNC,UNIPROT_GN,WIKIGENE"
"ACOT8","O14734","ACOT8","acyl-CoA thioesterase 8 [Source:HGNC Symbol;Acc:HGNC:15919]","ENTREZGENE,GENECARDS,HGNC,UNIPROT_GN,WIKIGENE"
"ACOT9","Q9Y305","ACOT9","acyl-CoA thioesterase 9 [Source:HGNC Symbol;Acc:HGNC:17152]","ENTREZGENE,GENECARDS,HGNC,UNIPROT_GN,WIKIGENE"
"ACP3","P15309","ACP3","acid phosphatase 3 [Source:HGNC Symbol;Acc:HGNC:125]","ENTREZGENE,GENECARDS,HGNC,UNIPROT_GN,WIKIGENE"
"ACSBG1","Q96GR2","ACSBG1","acyl-CoA synthetase bubblegum family member 1 [Source:HGNC Symbol;Acc:HGNC:29567]","ENTREZGENE,GENECARDS,HGNC,UNIPROT_GN,WIKIGENE"
"ACSBG2","Q5FVE4","ACSBG2","acyl-CoA synthetase bubblegum family member 2 [Source:HGNC Symbol;Acc:HGNC:24174]","ENTREZGENE,GENECARDS,HGNC,UNIPROT_GN,WIKIGENE"
"ACSF2","Q96CM8","ACSF2","acyl-CoA synthetase family member 2 [Source:HGNC Symbol;Acc:HGNC:26101]","ENTREZGENE,GENECARDS,HGNC,UNIPROT_GN,WIKIGENE"
"ACSF3","Q4G176","ACSF3","acyl-CoA synthetase family member 3 [Source:HGNC Symbol;Acc:HGNC:27288]","ENTREZGENE,GENECARDS,HGNC,UNIPROT_GN,WIKIGENE"
"ACSL1","P33121","ACSL1","acyl-CoA synthetase long chain family member 1 [Source:HGNC Symbol;Acc:HGNC:3569]","ENTREZGENE,GENECARDS,HGNC,UNIPROT_GN,WIKIGENE"
"ACSL3","O95573","ACSL3","acyl-CoA synthetase long chain family member 3 [Source:HGNC Symbol;Acc:HGNC:3570]","ENTREZGENE,GENECARDS,HGNC,UNIPROT_GN,WIKIGENE"
"ACSL4","O60488","ACSL4","acyl-CoA synthetase long chain family member 4 [Source:HGNC Symbol;Acc:HGNC:3571]","ENTREZGENE,GENECARDS,HGNC,UNIPROT_GN,WIKIGENE"
"ACSL5","Q9ULC5","ACSL5","acyl-CoA synthetase long chain family member 5 [Source:HGNC Symbol;Acc:HGNC:16526]","ENTREZGENE,GENECARDS,HGNC,UNIPROT_GN,WIKIGENE"
"ACSL6","Q9UKU0","ACSL6","acyl-CoA synthetase long chain family member 6 [Source:HGNC Symbol;Acc:HGNC:16496]","ENTREZGENE,GENECARDS,HGNC,UNIPROT_GN,WIKIGENE"
"ACSM1","Q08AH1","ACSM1","acyl-CoA synthetase medium chain family member 1 [Source:HGNC Symbol;Acc:HGNC:18049]","ENTREZGENE,GENECARDS,HGNC,UNIPROT_GN,WIKIGENE"
"ACSM2A","Q08AH3","ACSM2A","acyl-CoA synthetase medium chain family member 2A [Source:HGNC Symbol;Acc:HGNC:32017]","ENTREZGENE,GENECARDS,HGNC,UNIPROT_GN,WIKIGENE"
"ACSM2B","Q68CK6","ACSM2B","acyl-CoA synthetase medium chain family member 2B [Source:HGNC Symbol;Acc:HGNC:30931]","ENTREZGENE,GENECARDS,HGNC,UNIPROT_GN,WIKIGENE"
"ACSM3","Q53FZ2","ACSM3","acyl-CoA synthetase medium chain family member 3 [Source:HGNC Symbol;Acc:HGNC:10522]","ENTREZGENE,GENECARDS,HGNC,UNIPROT_GN,WIKIGENE"
"ACSM4","P0C7M7","ACSM4","acyl-CoA synthetase medium chain family member 4 [Source:HGNC Symbol;Acc:HGNC:32016]","ENTREZGENE,GENECARDS,HGNC,UNIPROT_GN,WIKIGENE"
"ACSM5","Q6NUN0","ACSM5","acyl-CoA synthetase medium chain family member 5 [Source:HGNC Symbol;Acc:HGNC:26060]","ENTREZGENE,GENECARDS,HGNC,UNIPROT_GN,WIKIGENE"
"ACSM6","Q6P461","ACSM6","acyl-CoA synthetase medium chain family member 6 [Source:HGNC Symbol;Acc:HGNC:31665]","ENTREZGENE,GENECARDS,HGNC,UNIPROT_GN,WIKIGENE"
"ACSS1","Q9NUB1","ACSS1","acyl-CoA synthetase short chain family member 1 [Source:HGNC Symbol;Acc:HGNC:16091]","ENTREZGENE,GENECARDS,HGNC,UNIPROT_GN,WIKIGENE"
"ACSS2","Q9NR19","ACSS2","acyl-CoA synthetase short chain family member 2 [Source:HGNC Symbol;Acc:HGNC:15814]","ENTREZGENE,GENECARDS,HGNC,UNIPROT_GN,WIKIGENE"
"ADA","P00813","ADA","adenosine deaminase [Source:HGNC Symbol;Acc:HGNC:186]","DBASS3,ENTREZGENE,GENECARDS,HGNC,UNIPROT_GN,WIKIGENE"
"ADAL","Q6DHV7","ADAL","adenosine deaminase like [Source:HGNC Symbol;Acc:HGNC:31853]","ENTREZGENE,GENECARDS,HGNC,UNIPROT_GN,WIKIGENE"
"ADCY1","Q08828","ADCY1","adenylate cyclase 1 [Source:HGNC Symbol;Acc:HGNC:232]","ENTREZGENE,GENECARDS,HGNC,UNIPROT_GN,WIKIGENE"
"ADCY10","Q96PN6","ADCY10","adenylate cyclase 10 [Source:HGNC Symbol;Acc:HGNC:21285]","ENTREZGENE,GENECARDS,HGNC,UNIPROT_GN,WIKIGENE"
"ADCY2","Q08462","ADCY2","adenylate cyclase 2 [Source:HGNC Symbol;Acc:HGNC:233]","ENTREZGENE,GENECARDS,HGNC,UNIPROT_GN,WIKIGENE"
"ADCY3","O60266","ADCY3","adenylate cyclase 3 [Source:HGNC Symbol;Acc:HGNC:234]","ENTREZGENE,GENECARDS,HGNC,UNIPROT_GN,WIKIGENE"
"ADCY4","Q8NFM4","ADCY4","adenylate cyclase 4 [Source:HGNC Symbol;Acc:HGNC:235]","ENTREZGENE,GENECARDS,HGNC,UNIPROT_GN,WIKIGENE"
"ADCY5","O95622","ADCY5","adenylate cyclase 5 [Source:HGNC Symbol;Acc:HGNC:236]","ENTREZGENE,GENECARDS,HGNC,UNIPROT_GN,WIKIGENE"
"ADCY6","O43306","ADCY6","adenylate cyclase 6 [Source:HGNC Symbol;Acc:HGNC:237]","ENTREZGENE,GENECARDS,HGNC,UNIPROT_GN,WIKIGENE"
"ADCY7","P51828","ADCY7","adenylate cyclase 7 [Source:HGNC Symbol;Acc:HGNC:238]","ENTREZGENE,GENECARDS,HGNC,UNIPROT_GN,WIKIGENE"
"ADCY8","P40145","ADCY8","adenylate cyclase 8 [Source:HGNC Symbol;Acc:HGNC:239]","ENTREZGENE,GENECARDS,HGNC,UNIPROT_GN,WIKIGENE"
"ADCY9","O60503","ADCY9","adenylate cyclase 9 [Source:HGNC Symbol;Acc:HGNC:240]","ENTREZGENE,GENECARDS,HGNC,UNIPROT_GN,WIKIGENE"
"ADK","P55263","ADK","adenosine kinase [Source:HGNC Symbol;Acc:HGNC:257]","ENTREZGENE,GENECARDS,HGNC,UNIPROT_GN,WIKIGENE"
"ADSL","P30566","ADSL","adenylosuccinate lyase [Source:HGNC Symbol;Acc:HGNC:291]","ENTREZGENE,GENECARDS,HGNC,UNIPROT_GN,WIKIGENE"
"ADSS1","Q8N142","ADSS1","adenylosuccinate synthase 1 [Source:HGNC Symbol;Acc:HGNC:20093]","ENTREZGENE,GENECARDS,HGNC,UNIPROT_GN,WIKIGENE"
"ADSS2","P30520","ADSS2","adenylosuccinate synthase 2 [Source:HGNC Symbol;Acc:HGNC:292]","ENTREZGENE,GENECARDS,HGNC,UNIPROT_GN,WIKIGENE"
"AFMID","Q63HM1","AFMID","arylformamidase [Source:HGNC Symbol;Acc:HGNC:20910]","ENTREZGENE,GENECARDS,HGNC,UNIPROT_GN,WIKIGENE"
"AK1","P00568","AK1","adenylate kinase 1 [Source:HGNC Symbol;Acc:HGNC:361]","ENTREZGENE,GENECARDS,HGNC,UNIPROT_GN,WIKIGENE"
"AK2","P54819","AK2","adenylate kinase 2 [Source:HGNC Symbol;Acc:HGNC:362]","ENTREZGENE,GENECARDS,HGNC,UNIPROT_GN,WIKIGENE"
"AK3","Q9UIJ7","AK3","adenylate kinase 3 [Source:HGNC Symbol;Acc:HGNC:17376]","ENTREZGENE,GENECARDS,HGNC,UNIPROT_GN,WIKIGENE"
"AK4","P27144","AK4","adenylate kinase 4 [Source:HGNC Symbol;Acc:HGNC:363]","ENTREZGENE,GENECARDS,HGNC,UNIPROT_GN,WIKIGENE"
"AK5","Q9Y6K8","AK5","adenylate kinase 5 [Source:HGNC Symbol;Acc:HGNC:365]","ENTREZGENE,GENECARDS,HGNC,UNIPROT_GN,WIKIGENE"
"AK6","Q9Y3D8","AK6","adenylate kinase 6 [Source:HGNC Symbol;Acc:HGNC:49151]","ENTREZGENE,GENECARDS,HGNC,UNIPROT_GN,WIKIGENE"
"AK7","Q96M32","AK7","adenylate kinase 7 [Source:HGNC Symbol;Acc:HGNC:20091]","ENTREZGENE,GENECARDS,HGNC,UNIPROT_GN,WIKIGENE"
"AK8","Q96MA6","AK8","adenylate kinase 8 [Source:HGNC Symbol;Acc:HGNC:26526]","ENTREZGENE,GENECARDS,HGNC,UNIPROT_GN,WIKIGENE"
"AK9","Q5TCS8","AK9","adenylate kinase 9 [Source:HGNC Symbol;Acc:HGNC:33814]","ENTREZGENE,GENECARDS,HGNC,UNIPROT_GN,WIKIGENE"
"ALDH1L1","O75891","ALDH1L1","aldehyde dehydrogenase 1 family member L1 [Source:HGNC Symbol;Acc:HGNC:3978]","ENTREZGENE,GENECARDS,HGNC,UNIPROT_GN,WIKIGENE"
"ALDH1L2","Q3SY69","ALDH1L2","aldehyde dehydrogenase 1 family member L2 [Source:HGNC Symbol;Acc:HGNC:26777]","ENTREZGENE,GENECARDS,HGNC,UNIPROT_GN,WIKIGENE"
"ALDOA","P04075","ALDOA","aldolase, fructose-bisphosphate A [Source:HGNC Symbol;Acc:HGNC:414]","ENTREZGENE,GENECARDS,HGNC,UNIPROT_GN,WIKIGENE"
"AMPD1","P23109","AMPD1","adenosine monophosphate deaminase 1 [Source:HGNC Symbol;Acc:HGNC:468]","ENTREZGENE,GENECARDS,HGNC,UNIPROT_GN,WIKIGENE"
"AMPD2","Q01433","AMPD2","adenosine monophosphate deaminase 2 [Source:HGNC Symbol;Acc:HGNC:469]","ENTREZGENE,GENECARDS,HGNC,UNIPROT_GN,WIKIGENE"
"AMPD3","Q01432","AMPD3","adenosine monophosphate deaminase 3 [Source:HGNC Symbol;Acc:HGNC:470]","ENTREZGENE,GENECARDS,HGNC,UNIPROT_GN,WIKIGENE"
"APRT","P07741","APRT","adenine phosphoribosyltransferase [Source:HGNC Symbol;Acc:HGNC:626]","ENTREZGENE,GENECARDS,HGNC,UNIPROT_GN,WIKIGENE"
"ASMTL","O95671","ASMTL","acetylserotonin O-methyltransferase like [Source:HGNC Symbol;Acc:HGNC:751]","ENTREZGENE,GENECARDS,HGNC,UNIPROT_GN,WIKIGENE"
"ASPDH","A6ND91","ASPDH","aspartate dehydrogenase domain containing [Source:HGNC Symbol;Acc:HGNC:33856]","ENTREZGENE,GENECARDS,HGNC,UNIPROT_GN,WIKIGENE"
"ATIC","P31939","ATIC","5-aminoimidazole-4-carboxamide ribonucleotide formyltransferase/IMP cyclohydrolase [Source:HGNC Symbol;Acc:HGNC:794]","ENTREZGENE,GENECARDS,HGNC,UNIPROT_GN,WIKIGENE"
"ATP1A2","P50993","ATP1A2","ATPase Na+/K+ transporting subunit alpha 2 [Source:HGNC Symbol;Acc:HGNC:800]","ENTREZGENE,GENECARDS,HGNC,UNIPROT_GN,WIKIGENE"
"ATP1B1","P05026","ATP1B1","ATPase Na+/K+ transporting subunit beta 1 [Source:HGNC Symbol;Acc:HGNC:804]","ENTREZGENE,GENECARDS,HGNC,UNIPROT_GN,WIKIGENE"
"ATP5F1A","P25705","ATP5F1A","ATP synthase F1 subunit alpha [Source:HGNC Symbol;Acc:HGNC:823]","ENTREZGENE,GENECARDS,HGNC,UNIPROT_GN,WIKIGENE"
"ATP5F1B","P06576","ATP5F1B","ATP synthase F1 subunit beta [Source:HGNC Symbol;Acc:HGNC:830]","ENTREZGENE,GENECARDS,HGNC,UNIPROT_GN,WIKIGENE"
"ATP5F1C","P36542","ATP5F1C","ATP synthase F1 subunit gamma [Source:HGNC Symbol;Acc:HGNC:833]","ENTREZGENE,GENECARDS,HGNC,UNIPROT_GN,WIKIGENE"
"ATP5F1D","P30049","ATP5F1D","ATP synthase F1 subunit delta [Source:HGNC Symbol;Acc:HGNC:837]","ENTREZGENE,GENECARDS,HGNC,UNIPROT_GN,WIKIGENE"
"ATP5F1E","P56381","ATP5F1E","ATP synthase F1 subunit epsilon [Source:HGNC Symbol;Acc:HGNC:838]","ENTREZGENE,GENECARDS,HGNC,UNIPROT_GN,WIKIGENE"
"ATP5MC1","P05496","ATP5MC1","ATP synthase membrane subunit c locus 1 [Source:HGNC Symbol;Acc:HGNC:841]","ENTREZGENE,GENECARDS,HGNC,UNIPROT_GN,WIKIGENE"
"ATP5MC2","Q06055","ATP5MC2","ATP synthase membrane subunit c locus 2 [Source:HGNC Symbol;Acc:HGNC:842]","ENTREZGENE,GENECARDS,HGNC,UNIPROT_GN,WIKIGENE"
"ATP5MC3","P48201","ATP5MC3","ATP synthase membrane subunit c locus 3 [Source:HGNC Symbol;Acc:HGNC:843]","ENTREZGENE,GENECARDS,HGNC,UNIPROT_GN,WIKIGENE"
"ATP5ME","P56385","ATP5ME","ATP synthase membrane subunit e [Source:HGNC Symbol;Acc:HGNC:846]","ENTREZGENE,GENECARDS,HGNC,UNIPROT_GN,WIKIGENE"
"ATP5MF","P56134","ATP5MF","ATP synthase membrane subunit f [Source:HGNC Symbol;Acc:HGNC:848]","ENTREZGENE,GENECARDS,HGNC,UNIPROT_GN,WIKIGENE"
"ATP5MG","O75964","ATP5MG","ATP synthase membrane subunit g [Source:HGNC Symbol;Acc:HGNC:14247]","ENTREZGENE,GENECARDS,HGNC,UNIPROT_GN,WIKIGENE"
"ATP5MGL","Q7Z4Y8","ATP5MGL","ATP synthase membrane subunit g like [Source:HGNC Symbol;Acc:HGNC:13213]","ENTREZGENE,GENECARDS,HGNC,UNIPROT_GN,WIKIGENE"
"ATP5MJ","P56378","ATP5MJ","ATP synthase membrane subunit j [Source:HGNC Symbol;Acc:HGNC:1188]","ENTREZGENE,GENECARDS,HGNC,UNIPROT_GN,WIKIGENE"
"ATP5MK","Q96IX5","ATP5MK","ATP synthase membrane subunit k [Source:HGNC Symbol;Acc:HGNC:30889]","ENTREZGENE,GENECARDS,HGNC,UNIPROT_GN,WIKIGENE"
"ATP5PB","P24539","ATP5PB","ATP synthase peripheral stalk-membrane subunit b [Source:HGNC Symbol;Acc:HGNC:840]","ENTREZGENE,GENECARDS,HGNC,UNIPROT_GN,WIKIGENE"
"ATP5PD","O75947","ATP5PD","ATP synthase peripheral stalk subunit d [Source:HGNC Symbol;Acc:HGNC:845]","ENTREZGENE,GENECARDS,HGNC,UNIPROT_GN,WIKIGENE"
"ATP5PF","P18859","ATP5PF","ATP synthase peripheral stalk subunit F6 [Source:HGNC Symbol;Acc:HGNC:847]","ENTREZGENE,GENECARDS,HGNC,UNIPROT_GN,WIKIGENE"
"ATP5PO","P48047","ATP5PO","ATP synthase peripheral stalk subunit OSCP [Source:HGNC Symbol;Acc:HGNC:850]","ENTREZGENE,GENECARDS,HGNC,UNIPROT_GN,WIKIGENE"
"ATP6V0C","P27449","ATP6V0C","ATPase H+ transporting V0 subunit c [Source:HGNC Symbol;Acc:HGNC:855]","ENTREZGENE,GENECARDS,HGNC,UNIPROT_GN,WIKIGENE"
"ATP6V1A","P38606","ATP6V1A","ATPase H+ transporting V1 subunit A [Source:HGNC Symbol;Acc:HGNC:851]","ENTREZGENE,GENECARDS,HGNC,UNIPROT_GN,WIKIGENE"
"ATP6V1B1","P15313","ATP6V1B1","ATPase H+ transporting V1 subunit B1 [Source:HGNC Symbol;Acc:HGNC:853]","ENTREZGENE,GENECARDS,HGNC,UNIPROT_GN,WIKIGENE"
"ATP6V1B2","P21281","ATP6V1B2","ATPase H+ transporting V1 subunit B2 [Source:HGNC Symbol;Acc:HGNC:854]","ENTREZGENE,GENECARDS,HGNC,UNIPROT_GN,WIKIGENE"
"BAAT","Q14032","BAAT","bile acid-CoA:amino acid N-acyltransferase [Source:HGNC Symbol;Acc:HGNC:932]","ENTREZGENE,GENECARDS,HGNC,UNIPROT_GN,WIKIGENE"
"BAD","Q92934","BAD","BCL2 associated agonist of cell death [Source:HGNC Symbol;Acc:HGNC:936]","ENTREZGENE,GENECARDS,HGNC,UNIPROT_GN,WIKIGENE"
"BPGM","P07738","BPGM","bisphosphoglycerate mutase [Source:HGNC Symbol;Acc:HGNC:1093]","ENTREZGENE,GENECARDS,HGNC,UNIPROT_GN,WIKIGENE"
"BPNT1","O95861","BPNT1","3'(2'), 5'-bisphosphate nucleotidase 1 [Source:HGNC Symbol;Acc:HGNC:1096]","ENTREZGENE,GENECARDS,HGNC,UNIPROT_GN,WIKIGENE"
"BPNT2","Q9NX62","BPNT2","3'(2'), 5'-bisphosphate nucleotidase 2 [Source:HGNC Symbol;Acc:HGNC:26019]","ENTREZGENE,GENECARDS,HGNC,UNIPROT_GN,WIKIGENE"
"CACNB4","O00305","CACNB4","calcium voltage-gated channel auxiliary subunit beta 4 [Source:HGNC Symbol;Acc:HGNC:1404]","ENTREZGENE,GENECARDS,HGNC,UNIPROT_GN,WIKIGENE"
"CAD","P27708","CAD","carbamoyl-phosphate synthetase 2, aspartate transcarbamylase, and dihydroorotase [Source:HGNC Symbol;Acc:HGNC:1424]","ENTREZGENE,GENECARDS,HGNC,UNIPROT_GN,WIKIGENE"
"CARD11","Q9BXL7","CARD11","caspase recruitment domain family member 11 [Source:HGNC Symbol;Acc:HGNC:16393]","ENTREZGENE,GENECARDS,HGNC,UNIPROT_GN,WIKIGENE"
"CASK","O14936","CASK","calcium/calmodulin dependent serine protein kinase [Source:HGNC Symbol;Acc:HGNC:1497]","ENTREZGENE,GENECARDS,HGNC,UNIPROT_GN,WIKIGENE"
"CD38","P28907","CD38","CD38 molecule [Source:HGNC Symbol;Acc:HGNC:1667]","ENTREZGENE,GENECARDS,HGNC,UNIPROT_GN,WIKIGENE"
"CDA","P32320","CDA","cytidine deaminase [Source:HGNC Symbol;Acc:HGNC:1712]","ENTREZGENE,GENECARDS,HGNC,UNIPROT_GN,WIKIGENE"
"CLPX","O76031","CLPX","caseinolytic mitochondrial matrix peptidase chaperone subunit X [Source:HGNC Symbol;Acc:HGNC:2088]","ENTREZGENE,GENECARDS,HGNC,UNIPROT_GN,WIKIGENE"
"CMPK1","P30085","CMPK1","cytidine/uridine monophosphate kinase 1 [Source:HGNC Symbol;Acc:HGNC:18170]","ENTREZGENE,GENECARDS,HGNC,UNIPROT_GN,WIKIGENE"
"CMPK2","Q5EBM0","CMPK2","cytidine/uridine monophosphate kinase 2 [Source:HGNC Symbol;Acc:HGNC:27015]","ENTREZGENE,GENECARDS,HGNC,UNIPROT_GN,WIKIGENE"
"CNP","P09543","CNP","2',3'-cyclic nucleotide 3' phosphodiesterase [Source:HGNC Symbol;Acc:HGNC:2158]","ENTREZGENE,GENECARDS,HGNC,UNIPROT_GN,WIKIGENE"
"COASY","Q13057","COASY","Coenzyme A synthase [Source:HGNC Symbol;Acc:HGNC:29932]","ENTREZGENE,GENECARDS,HGNC,UNIPROT_GN,WIKIGENE"
"CROT","Q9UKG9","CROT","carnitine O-octanoyltransferase [Source:HGNC Symbol;Acc:HGNC:2366]","ENTREZGENE,GENECARDS,HGNC,UNIPROT_GN,WIKIGENE"
"CTNS","O60931","CTNS","cystinosin, lysosomal cystine transporter [Source:HGNC Symbol;Acc:HGNC:2518]","ENTREZGENE,GENECARDS,HGNC,UNIPROT_GN,WIKIGENE"
"CTPS1","P17812","CTPS1","CTP synthase 1 [Source:HGNC Symbol;Acc:HGNC:2519]","ENTREZGENE,GENECARDS,HGNC,UNIPROT_GN,WIKIGENE"
"CTPS2","Q9NRF8","CTPS2","CTP synthase 2 [Source:HGNC Symbol;Acc:HGNC:2520]","ENTREZGENE,GENECARDS,HGNC,UNIPROT_GN,WIKIGENE"
"DCAKD","Q8WVC6","DCAKD","dephospho-CoA kinase domain containing [Source:HGNC Symbol;Acc:HGNC:26238]","ENTREZGENE,GENECARDS,HGNC,UNIPROT_GN,WIKIGENE"
"DCK","P27707","DCK","deoxycytidine kinase [Source:HGNC Symbol;Acc:HGNC:2704]","ENTREZGENE,GENECARDS,HGNC,UNIPROT_GN,WIKIGENE"
"DCTD","P32321","DCTD","dCMP deaminase [Source:HGNC Symbol;Acc:HGNC:2710]","ENTREZGENE,GENECARDS,HGNC,UNIPROT_GN,WIKIGENE"
"DCTPP1","Q9H773","DCTPP1","dCTP pyrophosphatase 1 [Source:HGNC Symbol;Acc:HGNC:28777]","ENTREZGENE,GENECARDS,HGNC,UNIPROT_GN,WIKIGENE"
"DCXR","Q7Z4W1","DCXR","dicarbonyl and L-xylulose reductase [Source:HGNC Symbol;Acc:HGNC:18985]","ENTREZGENE,GENECARDS,HGNC,UNIPROT_GN,WIKIGENE"
"DERA","Q9Y315","DERA","deoxyribose-phosphate aldolase [Source:HGNC Symbol;Acc:HGNC:24269]","ENTREZGENE,GENECARDS,HGNC,UNIPROT_GN,WIKIGENE"
"DGAT1","O75907","DGAT1","diacylglycerol O-acyltransferase 1 [Source:HGNC Symbol;Acc:HGNC:2843]","ENTREZGENE,GENECARDS,HGNC,UNIPROT_GN,WIKIGENE"
"DGAT2","Q96PD7","DGAT2","diacylglycerol O-acyltransferase 2 [Source:HGNC Symbol;Acc:HGNC:16940]","ENTREZGENE,GENECARDS,HGNC,UNIPROT_GN,WIKIGENE"
"DGUOK","Q16854","DGUOK","deoxyguanosine kinase [Source:HGNC Symbol;Acc:HGNC:2858]","ENTREZGENE,GENECARDS,HGNC,UNIPROT_GN,WIKIGENE"
"DHODH","Q02127","DHODH","dihydroorotate dehydrogenase (quinone) [Source:HGNC Symbol;Acc:HGNC:2867]","ENTREZGENE,GENECARDS,HGNC,UNIPROT_GN,WIKIGENE"
"DIP2A","Q14689","DIP2A","disco interacting protein 2 homolog A [Source:HGNC Symbol;Acc:HGNC:17217]","ENTREZGENE,GENECARDS,HGNC,UNIPROT_GN,WIKIGENE"
"DLAT","P10515","DLAT","dihydrolipoamide S-acetyltransferase [Source:HGNC Symbol;Acc:HGNC:2896]","ENTREZGENE,GENECARDS,HGNC,UNIPROT_GN,WIKIGENE"
"DLD","P09622","DLD","dihydrolipoamide dehydrogenase [Source:HGNC Symbol;Acc:HGNC:2898]","ENTREZGENE,GENECARDS,HGNC,UNIPROT_GN,WIKIGENE"
"DLG1","Q12959","DLG1","discs large MAGUK scaffold protein 1 [Source:HGNC Symbol;Acc:HGNC:2900]","ENTREZGENE,GENECARDS,HGNC,UNIPROT_GN,WIKIGENE"
"DLG2","Q15700","DLG2","discs large MAGUK scaffold protein 2 [Source:HGNC Symbol;Acc:HGNC:2901]","ENTREZGENE,GENECARDS,HGNC,UNIPROT_GN,WIKIGENE"
"DLST","P36957","DLST","dihydrolipoamide S-succinyltransferase [Source:HGNC Symbol;Acc:HGNC:2911]","ENTREZGENE,GENECARDS,HGNC,UNIPROT_GN,WIKIGENE"
"DMAC2L","Q99766","DMAC2L","distal membrane arm assembly component 2 like [Source:HGNC Symbol;Acc:HGNC:18799]","ENTREZGENE,GENECARDS,HGNC,UNIPROT_GN,WIKIGENE"
"DNAJC30","Q96LL9","DNAJC30","DnaJ heat shock protein family (Hsp40) member C30 [Source:HGNC Symbol;Acc:HGNC:16410]","ENTREZGENE,GENECARDS,HGNC,UNIPROT_GN,WIKIGENE"
"DNPH1","O43598","DNPH1","2'-deoxynucleoside 5'-phosphate N-hydrolase 1 [Source:HGNC Symbol;Acc:HGNC:21218]","ENTREZGENE,GENECARDS,HGNC,UNIPROT_GN,WIKIGENE"
"DPYD","Q12882","DPYD","dihydropyrimidine dehydrogenase [Source:HGNC Symbol;Acc:HGNC:3012]","ENTREZGENE,GENECARDS,HGNC,UNIPROT_GN,WIKIGENE"
"DPYS","Q14117","DPYS","dihydropyrimidinase [Source:HGNC Symbol;Acc:HGNC:3013]","ENTREZGENE,GENECARDS,HGNC,UNIPROT_GN,WIKIGENE"
"DTYMK","P23919","DTYMK","deoxythymidylate kinase [Source:HGNC Symbol;Acc:HGNC:3061]","ENTREZGENE,GENECARDS,HGNC,UNIPROT_GN,WIKIGENE"
"DUT","P33316","DUT","deoxyuridine triphosphatase [Source:HGNC Symbol;Acc:HGNC:3078]","ENTREZGENE,GENECARDS,HGNC,UNIPROT_GN,WIKIGENE"
"EFL1","Q7Z2Z2","EFL1","elongation factor like GTPase 1 [Source:HGNC Symbol;Acc:HGNC:25789]","ENTREZGENE,GENECARDS,HGNC,UNIPROT_GN,WIKIGENE"
"ELOVL1","Q9BW60","ELOVL1","ELOVL fatty acid elongase 1 [Source:HGNC Symbol;Acc:HGNC:14418]","ENTREZGENE,GENECARDS,HGNC,UNIPROT_GN,WIKIGENE"
"ELOVL2","Q9NXB9","ELOVL2","ELOVL fatty acid elongase 2 [Source:HGNC Symbol;Acc:HGNC:14416]","ENTREZGENE,GENECARDS,HGNC,UNIPROT_GN,WIKIGENE"
"ELOVL3","Q9HB03","ELOVL3","ELOVL fatty acid elongase 3 [Source:HGNC Symbol;Acc:HGNC:18047]","ENTREZGENE,GENECARDS,HGNC,UNIPROT_GN,WIKIGENE"
"ELOVL4","Q9GZR5","ELOVL4","ELOVL fatty acid elongase 4 [Source:HGNC Symbol;Acc:HGNC:14415]","ENTREZGENE,GENECARDS,HGNC,UNIPROT_GN,WIKIGENE"
"ELOVL5","Q9NYP7","ELOVL5","ELOVL fatty acid elongase 5 [Source:HGNC Symbol;Acc:HGNC:21308]","ENTREZGENE,GENECARDS,HGNC,UNIPROT_GN,WIKIGENE"
"ELOVL6","Q9H5J4","ELOVL6","ELOVL fatty acid elongase 6 [Source:HGNC Symbol;Acc:HGNC:15829]","ENTREZGENE,GENECARDS,HGNC,UNIPROT_GN,WIKIGENE"
"ELOVL7","A1L3X0","ELOVL7","ELOVL fatty acid elongase 7 [Source:HGNC Symbol;Acc:HGNC:26292]","ENTREZGENE,GENECARDS,HGNC,UNIPROT_GN,WIKIGENE"
"ENPP1","P22413","ENPP1","ectonucleotide pyrophosphatase/phosphodiesterase 1 [Source:HGNC Symbol;Acc:HGNC:3356]","ENTREZGENE,GENECARDS,HGNC,UNIPROT_GN,WIKIGENE"
"ENPP3","O14638","ENPP3","ectonucleotide pyrophosphatase/phosphodiesterase 3 [Source:HGNC Symbol;Acc:HGNC:3358]","ENTREZGENE,GENECARDS,HGNC,UNIPROT_GN,WIKIGENE"
"ENTPD1","P49961","ENTPD1","ectonucleoside triphosphate diphosphohydrolase 1 [Source:HGNC Symbol;Acc:HGNC:3363]","ENTREZGENE,GENECARDS,HGNC,UNIPROT_GN,WIKIGENE"
"ENTPD2","Q9Y5L3","ENTPD2","ectonucleoside triphosphate diphosphohydrolase 2 [Source:HGNC Symbol;Acc:HGNC:3364]","ENTREZGENE,GENECARDS,HGNC,UNIPROT_GN,WIKIGENE"
"ENTPD3","O75355","ENTPD3","ectonucleoside triphosphate diphosphohydrolase 3 [Source:HGNC Symbol;Acc:HGNC:3365]","ENTREZGENE,GENECARDS,HGNC,UNIPROT_GN,WIKIGENE"
"ENTPD4","Q9Y227","ENTPD4","ectonucleoside triphosphate diphosphohydrolase 4 [Source:HGNC Symbol;Acc:HGNC:14573]","ENTREZGENE,GENECARDS,HGNC,UNIPROT_GN,WIKIGENE"
"ENTPD5","O75356","ENTPD5","ectonucleoside triphosphate diphosphohydrolase 5 (inactive) [Source:HGNC Symbol;Acc:HGNC:3367]","ENTREZGENE,GENECARDS,HGNC,UNIPROT_GN,WIKIGENE"
"ENTPD6","O75354","ENTPD6","ectonucleoside triphosphate diphosphohydrolase 6 [Source:HGNC Symbol;Acc:HGNC:3368]","ENTREZGENE,GENECARDS,HGNC,UNIPROT_GN,WIKIGENE"
"ENTPD7","Q9NQZ7","ENTPD7","ectonucleoside triphosphate diphosphohydrolase 7 [Source:HGNC Symbol;Acc:HGNC:19745]","ENTREZGENE,GENECARDS,HGNC,UNIPROT_GN,WIKIGENE"
"ENTPD8","Q5MY95","ENTPD8","ectonucleoside triphosphate diphosphohydrolase 8 [Source:HGNC Symbol;Acc:HGNC:24860]","ENTREZGENE,GENECARDS,HGNC,UNIPROT_GN,WIKIGENE"
"EPHA2","P29317","EPHA2","EPH receptor A2 [Source:HGNC Symbol;Acc:HGNC:3386]","ENTREZGENE,GENECARDS,HGNC,UNIPROT_GN,WIKIGENE"
"FAR1","Q8WVX9","FAR1","fatty acyl-CoA reductase 1 [Source:HGNC Symbol;Acc:HGNC:26222]","ENTREZGENE,GENECARDS,HGNC,UNIPROT_GN,WIKIGENE"
"FAR2","Q96K12","FAR2","fatty acyl-CoA reductase 2 [Source:HGNC Symbol;Acc:HGNC:25531]","ENTREZGENE,GENECARDS,HGNC,UNIPROT_GN,WIKIGENE"
"FCSK","Q8N0W3","FCSK","fucose kinase [Source:HGNC Symbol;Acc:HGNC:29500]","ENTREZGENE,GENECARDS,HGNC,UNIPROT_GN,WIKIGENE"
"FHIT","P49789","FHIT","fragile histidine triad diadenosine triphosphatase [Source:HGNC Symbol;Acc:HGNC:3701]","ENTREZGENE,GENECARDS,HGNC,UNIPROT_GN,WIKIGENE"
"FIGNL1","Q6PIW4","FIGNL1","fidgetin like 1 [Source:HGNC Symbol;Acc:HGNC:13286]","ENTREZGENE,GENECARDS,HGNC,UNIPROT_GN,WIKIGENE"
"FITM2","Q8N6M3","FITM2","fat storage inducing transmembrane protein 2 [Source:HGNC Symbol;Acc:HGNC:16135]","ENTREZGENE,GENECARDS,HGNC,UNIPROT_GN,WIKIGENE"
"FLAD1","Q8NFF5","FLAD1","flavin adenine dinucleotide synthetase 1 [Source:HGNC Symbol;Acc:HGNC:24671]","ENTREZGENE,GENECARDS,HGNC,UNIPROT_GN,WIKIGENE"
"FMO1","Q01740","FMO1","flavin containing dimethylaniline monoxygenase 1 [Source:HGNC Symbol;Acc:HGNC:3769]","ENTREZGENE,GENECARDS,HGNC,UNIPROT_GN,WIKIGENE"
"FMO2","Q99518","FMO2","flavin containing dimethylaniline monoxygenase 2 [Source:HGNC Symbol;Acc:HGNC:3770]","ENTREZGENE,GENECARDS,HGNC,UNIPROT_GN,WIKIGENE"
"FMO5","P49326","FMO5","flavin containing dimethylaniline monoxygenase 5 [Source:HGNC Symbol;Acc:HGNC:3773]","ENTREZGENE,GENECARDS,HGNC,UNIPROT_GN,WIKIGENE"
"G6PD","P11413","G6PD","glucose-6-phosphate dehydrogenase [Source:HGNC Symbol;Acc:HGNC:4057]","ENTREZGENE,GENECARDS,HGNC,UNIPROT_GN,WIKIGENE"
"GARS1","P41250","GARS1","glycyl-tRNA synthetase 1 [Source:HGNC Symbol;Acc:HGNC:4162]","ENTREZGENE,GENECARDS,HGNC,UNIPROT_GN,WIKIGENE"
"GART","P22102","GART","phosphoribosylglycinamide formyltransferase, phosphoribosylglycinamide synthetase, phosphoribosylaminoimidazole synthetase [Source:HGNC Symbol;Acc:HGNC:4163]","ENTREZGENE,GENECARDS,HGNC,UNIPROT_GN,WIKIGENE"
"GCDH","Q92947","GCDH","glutaryl-CoA dehydrogenase [Source:HGNC Symbol;Acc:HGNC:4189]","ENTREZGENE,GENECARDS,HGNC,UNIPROT_GN,WIKIGENE"
"GCK","P35557","GCK","glucokinase [Source:HGNC Symbol;Acc:HGNC:4195]","ENTREZGENE,GENECARDS,HGNC,UNIPROT_GN,WIKIGENE"
"GDA","Q9Y2T3","GDA","guanine deaminase [Source:HGNC Symbol;Acc:HGNC:4212]","ENTREZGENE,GENECARDS,HGNC,UNIPROT_GN,WIKIGENE"
"GIMAP7","Q8NHV1","GIMAP7","GTPase, IMAP family member 7 [Source:HGNC Symbol;Acc:HGNC:22404]","ENTREZGENE,GENECARDS,HGNC,UNIPROT_GN,WIKIGENE"
"GLYAT","Q6IB77","GLYAT","glycine-N-acyltransferase [Source:HGNC Symbol;Acc:HGNC:13734]","ENTREZGENE,GENECARDS,HGNC,UNIPROT_GN,WIKIGENE"
"GMPR","P36959","GMPR","guanosine monophosphate reductase [Source:HGNC Symbol;Acc:HGNC:4376]","ENTREZGENE,GENECARDS,HGNC,UNIPROT_GN,WIKIGENE"
"GMPR2","Q9P2T1","GMPR2","guanosine monophosphate reductase 2 [Source:HGNC Symbol;Acc:HGNC:4377]","ENTREZGENE,GENECARDS,HGNC,UNIPROT_GN,WIKIGENE"
"GMPS","P49915","GMPS","guanine monophosphate synthase [Source:HGNC Symbol;Acc:HGNC:4378]","ENTREZGENE,GENECARDS,HGNC,UNIPROT_GN,WIKIGENE"
"GNAI3","P08754","GNAI3","G protein subunit alpha i3 [Source:HGNC Symbol;Acc:HGNC:4387]","ENTREZGENE,GENECARDS,HGNC,UNIPROT_GN,WIKIGENE"
"GPAM","Q9HCL2","GPAM","glycerol-3-phosphate acyltransferase, mitochondrial [Source:HGNC Symbol;Acc:HGNC:24865]","ENTREZGENE,GENECARDS,HGNC,UNIPROT_GN,WIKIGENE"
"GPAT4","Q86UL3","GPAT4","glycerol-3-phosphate acyltransferase 4 [Source:HGNC Symbol;Acc:HGNC:20880]","ENTREZGENE,GENECARDS,HGNC,UNIPROT_GN,WIKIGENE"
"GPD1","P21695","GPD1","glycerol-3-phosphate dehydrogenase 1 [Source:HGNC Symbol;Acc:HGNC:4455]","ENTREZGENE,GENECARDS,HGNC,UNIPROT_GN,WIKIGENE"
"GPD1L","Q8N335","GPD1L","glycerol-3-phosphate dehydrogenase 1 like [Source:HGNC Symbol;Acc:HGNC:28956]","ENTREZGENE,GENECARDS,HGNC,UNIPROT_GN,WIKIGENE"
"GTPBP1","O00178","GTPBP1","GTP binding protein 1 [Source:HGNC Symbol;Acc:HGNC:4669]","ENTREZGENE,GENECARDS,HGNC,UNIPROT_GN,WIKIGENE"
"GUCY1A1","Q02108","GUCY1A1","guanylate cyclase 1 soluble subunit alpha 1 [Source:HGNC Symbol;Acc:HGNC:4685]","ENTREZGENE,GENECARDS,HGNC,UNIPROT_GN,WIKIGENE"
"GUCY1A2","P33402","GUCY1A2","guanylate cyclase 1 soluble subunit alpha 2 [Source:HGNC Symbol;Acc:HGNC:4684]","ENTREZGENE,GENECARDS,HGNC,UNIPROT_GN,WIKIGENE"
"GUCY1B1","Q02153","GUCY1B1","guanylate cyclase 1 soluble subunit beta 1 [Source:HGNC Symbol;Acc:HGNC:4687]","ENTREZGENE,GENECARDS,HGNC,UNIPROT_GN,WIKIGENE"
"GUCY2C","P25092","GUCY2C","guanylate cyclase 2C [Source:HGNC Symbol;Acc:HGNC:4688]","ENTREZGENE,GENECARDS,HGNC,UNIPROT_GN,WIKIGENE"
"GUCY2D","Q02846","GUCY2D","guanylate cyclase 2D, retinal [Source:HGNC Symbol;Acc:HGNC:4689]","ENTREZGENE,GENECARDS,HGNC,UNIPROT_GN,WIKIGENE"
"GUCY2F","P51841","GUCY2F","guanylate cyclase 2F, retinal [Source:HGNC Symbol;Acc:HGNC:4691]","ENTREZGENE,GENECARDS,HGNC,UNIPROT_GN,WIKIGENE"
"GUK1","Q16774","GUK1","guanylate kinase 1 [Source:HGNC Symbol;Acc:HGNC:4693]","ENTREZGENE,GENECARDS,HGNC,UNIPROT_GN,WIKIGENE"
"H6PD","O95479","H6PD","hexose-6-phosphate dehydrogenase/glucose 1-dehydrogenase [Source:HGNC Symbol;Acc:HGNC:4795]","ENTREZGENE,GENECARDS,HGNC,UNIPROT_GN,WIKIGENE"
"HAAO","P46952","HAAO","3-hydroxyanthranilate 3,4-dioxygenase [Source:HGNC Symbol;Acc:HGNC:4796]","ENTREZGENE,GENECARDS,HGNC,UNIPROT_GN,WIKIGENE"
"HACD1","B0YJ81","HACD1","3-hydroxyacyl-CoA dehydratase 1 [Source:HGNC Symbol;Acc:HGNC:9639]","ENTREZGENE,GENECARDS,HGNC,UNIPROT_GN,WIKIGENE"
"HACD2","Q6Y1H2","HACD2","3-hydroxyacyl-CoA dehydratase 2 [Source:HGNC Symbol;Acc:HGNC:9640]","ENTREZGENE,GENECARDS,HGNC,UNIPROT_GN,WIKIGENE"
"HINT1","P49773","HINT1","histidine triad nucleotide binding protein 1 [Source:HGNC Symbol;Acc:HGNC:4912]","ENTREZGENE,GENECARDS,HGNC,UNIPROT_GN,WIKIGENE"
"HMGCR","P04035","HMGCR","3-hydroxy-3-methylglutaryl-CoA reductase [Source:HGNC Symbol;Acc:HGNC:5006]","ENTREZGENE,GENECARDS,HGNC,UNIPROT_GN,WIKIGENE"
"HMGCS1","Q01581","HMGCS1","3-hydroxy-3-methylglutaryl-CoA synthase 1 [Source:HGNC Symbol;Acc:HGNC:5007]","ENTREZGENE,GENECARDS,HGNC,UNIPROT_GN,WIKIGENE"
"HMGCS2","P54868","HMGCS2","3-hydroxy-3-methylglutaryl-CoA synthase 2 [Source:HGNC Symbol;Acc:HGNC:5008]","ENTREZGENE,GENECARDS,HGNC,UNIPROT_GN,WIKIGENE"
"HPRT1","P00492","HPRT1","hypoxanthine phosphoribosyltransferase 1 [Source:HGNC Symbol;Acc:HGNC:5157]","ENTREZGENE,GENECARDS,HGNC,UNIPROT_GN,WIKIGENE"
"HSD17B12","Q53GQ0","HSD17B12","hydroxysteroid 17-beta dehydrogenase 12 [Source:HGNC Symbol;Acc:HGNC:18646]","ENTREZGENE,GENECARDS,HGNC,UNIPROT_GN,WIKIGENE"
"HSD17B4","P51659","HSD17B4","hydroxysteroid 17-beta dehydrogenase 4 [Source:HGNC Symbol;Acc:HGNC:5213]","ENTREZGENE,GENECARDS,HGNC,UNIPROT_GN,WIKIGENE"
"HSPA1A","P0DMV8","HSPA1A","heat shock protein family A (Hsp70) member 1A [Source:HGNC Symbol;Acc:HGNC:5232]","ENTREZGENE,GENECARDS,HGNC,UNIPROT_GN,WIKIGENE"
"HSPA1B","P0DMV9","HSPA1B","heat shock protein family A (Hsp70) member 1B [Source:HGNC Symbol;Acc:HGNC:5233]","ENTREZGENE,GENECARDS,HGNC,UNIPROT_GN,WIKIGENE"
"HSPA8","P11142","HSPA8","heat shock protein family A (Hsp70) member 8 [Source:HGNC Symbol;Acc:HGNC:5241]","ENTREZGENE,GENECARDS,HGNC,UNIPROT_GN,WIKIGENE"
"HTD2","P86397","HTD2","hydroxyacyl-thioester dehydratase type 2 [Source:HGNC Symbol;Acc:HGNC:53111]","ENTREZGENE,GENECARDS,HGNC,UNIPROT_GN,WIKIGENE"
"IDH1","O75874","IDH1","isocitrate dehydrogenase (NADP(+)) 1 [Source:HGNC Symbol;Acc:HGNC:5382]","ENTREZGENE,GENECARDS,HGNC,UNIPROT_GN,WIKIGENE"
"IDH2","P48735","IDH2","isocitrate dehydrogenase (NADP(+)) 2 [Source:HGNC Symbol;Acc:HGNC:5383]","ENTREZGENE,GENECARDS,HGNC,UNIPROT_GN,WIKIGENE"
"IDH3B","O43837","IDH3B","isocitrate dehydrogenase (NAD(+)) 3 non-catalytic subunit beta [Source:HGNC Symbol;Acc:HGNC:5385]","ENTREZGENE,GENECARDS,HGNC,UNIPROT_GN,WIKIGENE"
"IDO1","P14902","IDO1","indoleamine 2,3-dioxygenase 1 [Source:HGNC Symbol;Acc:HGNC:6059]","ENTREZGENE,GENECARDS,HGNC,UNIPROT_GN,WIKIGENE"
"IDO2","Q6ZQW0","IDO2","indoleamine 2,3-dioxygenase 2 [Source:HGNC Symbol;Acc:HGNC:27269]","ENTREZGENE,GENECARDS,HGNC,WIKIGENE"
"IMPDH1","P20839","IMPDH1","inosine monophosphate dehydrogenase 1 [Source:HGNC Symbol;Acc:HGNC:6052]","ENTREZGENE,GENECARDS,HGNC,UNIPROT_GN,WIKIGENE"
"IMPDH2","P12268","IMPDH2","inosine monophosphate dehydrogenase 2 [Source:HGNC Symbol;Acc:HGNC:6053]","ENTREZGENE,GENECARDS,HGNC,UNIPROT_GN,WIKIGENE"
"ITPA","Q9BY32","ITPA","inosine triphosphatase [Source:HGNC Symbol;Acc:HGNC:6176]","ENTREZGENE,GENECARDS,HGNC,UNIPROT_GN,WIKIGENE"
"KARS1","Q15046","KARS1","lysyl-tRNA synthetase 1 [Source:HGNC Symbol;Acc:HGNC:6215]","ENTREZGENE,GENECARDS,HGNC,UNIPROT_GN,WIKIGENE"
"KCNAB2","Q13303","KCNAB2","potassium voltage-gated channel subfamily A regulatory beta subunit 2 [Source:HGNC Symbol;Acc:HGNC:6229]","ENTREZGENE,GENECARDS,HGNC,UNIPROT_GN,WIKIGENE"
"KMO","O15229","KMO","kynurenine 3-monooxygenase [Source:HGNC Symbol;Acc:HGNC:6381]","ENTREZGENE,GENECARDS,HGNC,UNIPROT_GN,WIKIGENE"
"KYNU","Q16719","KYNU","kynureninase [Source:HGNC Symbol;Acc:HGNC:6469]","ENTREZGENE,GENECARDS,HGNC,UNIPROT_GN,WIKIGENE"
"LDHB","P07195","LDHB","lactate dehydrogenase B [Source:HGNC Symbol;Acc:HGNC:6541]","ENTREZGENE,GENECARDS,HGNC,UNIPROT_GN,WIKIGENE"
"LDHC","P07864","LDHC","lactate dehydrogenase C [Source:HGNC Symbol;Acc:HGNC:6544]","ENTREZGENE,GENECARDS,HGNC,UNIPROT_GN,WIKIGENE"
"LIPA","P38571","LIPA","lipase A, lysosomal acid type [Source:HGNC Symbol;Acc:HGNC:6617]","ENTREZGENE,GENECARDS,HGNC,UNIPROT_GN,WIKIGENE"
"LRGUK","Q96M69","LRGUK","leucine rich repeats and guanylate kinase domain containing [Source:HGNC Symbol;Acc:HGNC:21964]","ENTREZGENE,GENECARDS,HGNC,UNIPROT_GN,WIKIGENE"
"LRRK2","Q5S007","LRRK2","leucine rich repeat kinase 2 [Source:HGNC Symbol;Acc:HGNC:18618]","ENTREZGENE,GENECARDS,HGNC,UNIPROT_GN,WIKIGENE"
"MAGI3","Q5TCQ9","MAGI3","membrane associated guanylate kinase, WW and PDZ domain containing 3 [Source:HGNC Symbol;Acc:HGNC:29647]","ENTREZGENE,GENECARDS,HGNC,UNIPROT_GN,WIKIGENE"
"MBD4","O95243","MBD4","methyl-CpG binding domain 4, DNA glycosylase [Source:HGNC Symbol;Acc:HGNC:6919]","ENTREZGENE,GENECARDS,HGNC,UNIPROT_GN,WIKIGENE"
"MCCC2","Q9HCC0","MCCC2","methylcrotonyl-CoA carboxylase subunit 2 [Source:HGNC Symbol;Acc:HGNC:6937]","ENTREZGENE,GENECARDS,HGNC,UNIPROT_GN,WIKIGENE"
"MCEE","Q96PE7","MCEE","methylmalonyl-CoA epimerase [Source:HGNC Symbol;Acc:HGNC:16732]","ENTREZGENE,GENECARDS,HGNC,UNIPROT_GN,WIKIGENE"
"MDH1","P40925","MDH1","malate dehydrogenase 1 [Source:HGNC Symbol;Acc:HGNC:6970]","ENTREZGENE,GENECARDS,HGNC,UNIPROT_GN,WIKIGENE"
"MDH1B","Q5I0G3","MDH1B","malate dehydrogenase 1B [Source:HGNC Symbol;Acc:HGNC:17836]","ENTREZGENE,GENECARDS,HGNC,UNIPROT_GN,WIKIGENE"
"MDH2","P40926","MDH2","malate dehydrogenase 2 [Source:HGNC Symbol;Acc:HGNC:6971]","ENTREZGENE,GENECARDS,HGNC,UNIPROT_GN,WIKIGENE"
"ME1","P48163","ME1","malic enzyme 1 [Source:HGNC Symbol;Acc:HGNC:6983]","ENTREZGENE,GENECARDS,HGNC,UNIPROT_GN,WIKIGENE"
"MFN1","Q8IWA4","MFN1","mitofusin 1 [Source:HGNC Symbol;Acc:HGNC:18262]","ENTREZGENE,GENECARDS,HGNC,UNIPROT_GN,WIKIGENE"
"MLYCD","O95822","MLYCD","malonyl-CoA decarboxylase [Source:HGNC Symbol;Acc:HGNC:7150]","ENTREZGENE,GENECARDS,HGNC,UNIPROT_GN,WIKIGENE"
"MMUT","P22033","MMUT","methylmalonyl-CoA mutase [Source:HGNC Symbol;Acc:HGNC:7526]","ENTREZGENE,GENECARDS,HGNC,UNIPROT_GN,WIKIGENE"
"MPC2","O95563","MPC2","mitochondrial pyruvate carrier 2 [Source:HGNC Symbol;Acc:HGNC:24515]","ENTREZGENE,GENECARDS,HGNC,UNIPROT_GN,WIKIGENE"
"MPP1","Q00013","MPP1","MAGUK p55 scaffold protein 1 [Source:HGNC Symbol;Acc:HGNC:7219]","ENTREZGENE,GENECARDS,HGNC,UNIPROT_GN,WIKIGENE"
"MT-ATP6","P00846","MT-ATP6","mitochondrially encoded ATP synthase membrane subunit 6 [Source:HGNC Symbol;Acc:HGNC:7414]","GENECARDS,HGNC,UNIPROT_GN"
"MT-ATP8","P03928","MT-ATP8","mitochondrially encoded ATP synthase membrane subunit 8 [Source:HGNC Symbol;Acc:HGNC:7415]","GENECARDS,HGNC,UNIPROT_GN"
"MT-ND1","P03886","MT-ND1","mitochondrially encoded NADH:ubiquinone oxidoreductase core subunit 1 [Source:HGNC Symbol;Acc:HGNC:7455]","GENECARDS,HGNC,UNIPROT_GN"
"MT-ND2","P03891","MT-ND2","mitochondrially encoded NADH:ubiquinone oxidoreductase core subunit 2 [Source:HGNC Symbol;Acc:HGNC:7456]","GENECARDS,HGNC,UNIPROT_GN"
"MT-ND3","P03897","MT-ND3","mitochondrially encoded NADH:ubiquinone oxidoreductase core subunit 3 [Source:HGNC Symbol;Acc:HGNC:7458]","GENECARDS,HGNC,UNIPROT_GN"
"MT-ND4","P03905","MT-ND4","mitochondrially encoded NADH:ubiquinone oxidoreductase core subunit 4 [Source:HGNC Symbol;Acc:HGNC:7459]","GENECARDS,HGNC,UNIPROT_GN"
"MT-ND4L","P03901","MT-ND4L","mitochondrially encoded NADH:ubiquinone oxidoreductase core subunit 4L [Source:HGNC Symbol;Acc:HGNC:7460]","GENECARDS,HGNC,UNIPROT_GN"
"MT-ND5","P03915","MT-ND5","mitochondrially encoded NADH:ubiquinone oxidoreductase core subunit 5 [Source:HGNC Symbol;Acc:HGNC:7461]","GENECARDS,HGNC,UNIPROT_GN"
"MT-ND6","P03923","MT-ND6","mitochondrially encoded NADH:ubiquinone oxidoreductase core subunit 6 [Source:HGNC Symbol;Acc:HGNC:7462]","GENECARDS,HGNC,UNIPROT_GN"
"MTHFD1","P11586","MTHFD1","methylenetetrahydrofolate dehydrogenase, cyclohydrolase and formyltetrahydrofolate synthetase 1 [Source:HGNC Symbol;Acc:HGNC:7432]","ENTREZGENE,GENECARDS,HGNC,UNIPROT_GN,WIKIGENE"
"MTHFD2L","Q9H903","MTHFD2L","methylenetetrahydrofolate dehydrogenase (NADP+ dependent) 2 like [Source:HGNC Symbol;Acc:HGNC:31865]","ENTREZGENE,GENECARDS,HGNC,UNIPROT_GN,WIKIGENE"
"MVD","P53602","MVD","mevalonate diphosphate decarboxylase [Source:HGNC Symbol;Acc:HGNC:7529]","ENTREZGENE,GENECARDS,HGNC,UNIPROT_GN,WIKIGENE"
"MVK","Q03426","MVK","mevalonate kinase [Source:HGNC Symbol;Acc:HGNC:7530]","ENTREZGENE,GENECARDS,HGNC,UNIPROT_GN,WIKIGENE"
"MYH3","P11055","MYH3","myosin heavy chain 3 [Source:HGNC Symbol;Acc:HGNC:7573]","ENTREZGENE,GENECARDS,HGNC,UNIPROT_GN,WIKIGENE"
"MYH4","Q9Y623","MYH4","myosin heavy chain 4 [Source:HGNC Symbol;Acc:HGNC:7574]","ENTREZGENE,GENECARDS,HGNC,UNIPROT_GN,WIKIGENE"
"MYH6","P13533","MYH6","myosin heavy chain 6 [Source:HGNC Symbol;Acc:HGNC:7576]","ENTREZGENE,GENECARDS,HGNC,UNIPROT_GN,WIKIGENE"
"MYH7","P12883","MYH7","myosin heavy chain 7 [Source:HGNC Symbol;Acc:HGNC:7577]","ENTREZGENE,GENECARDS,HGNC,UNIPROT_GN,WIKIGENE"
"MYH8","P13535","MYH8","myosin heavy chain 8 [Source:HGNC Symbol;Acc:HGNC:7578]","ENTREZGENE,GENECARDS,HGNC,UNIPROT_GN,WIKIGENE"
"NADK","O95544","NADK","NAD kinase [Source:HGNC Symbol;Acc:HGNC:29831]","ENTREZGENE,GENECARDS,HGNC,UNIPROT_GN,WIKIGENE"
"NADK2","Q4G0N4","NADK2","NAD kinase 2, mitochondrial [Source:HGNC Symbol;Acc:HGNC:26404]","ENTREZGENE,GENECARDS,HGNC,UNIPROT_GN,WIKIGENE"
"NADSYN1","Q6IA69","NADSYN1","NAD synthetase 1 [Source:HGNC Symbol;Acc:HGNC:29832]","ENTREZGENE,GENECARDS,HGNC,UNIPROT_GN,WIKIGENE"
"NAMPT","P43490","NAMPT","nicotinamide phosphoribosyltransferase [Source:HGNC Symbol;Acc:HGNC:30092]","ENTREZGENE,GENECARDS,HGNC,UNIPROT_GN,WIKIGENE"
"NAPRT","Q6XQN6","NAPRT","nicotinate phosphoribosyltransferase [Source:HGNC Symbol;Acc:HGNC:30450]","ENTREZGENE,GENECARDS,HGNC,UNIPROT_GN,WIKIGENE"
"NAXD","Q8IW45","NAXD","NAD(P)HX dehydratase [Source:HGNC Symbol;Acc:HGNC:25576]","ENTREZGENE,GENECARDS,HGNC,UNIPROT_GN,WIKIGENE"
"NAXE","Q8NCW5","NAXE","NAD(P)HX epimerase [Source:HGNC Symbol;Acc:HGNC:18453]","ENTREZGENE,GENECARDS,HGNC,UNIPROT_GN,WIKIGENE"
"NDUFA1","O15239","NDUFA1","NADH:ubiquinone oxidoreductase subunit A1 [Source:HGNC Symbol;Acc:HGNC:7683]","ENTREZGENE,GENECARDS,HGNC,UNIPROT_GN,WIKIGENE"
"NDUFA10","O95299","NDUFA10","NADH:ubiquinone oxidoreductase subunit A10 [Source:HGNC Symbol;Acc:HGNC:7684]","ENTREZGENE,GENECARDS,HGNC,UNIPROT_GN,WIKIGENE"
"NDUFA11","Q86Y39","NDUFA11","NADH:ubiquinone oxidoreductase subunit A11 [Source:HGNC Symbol;Acc:HGNC:20371]","ENTREZGENE,GENECARDS,HGNC,UNIPROT_GN,WIKIGENE"
"NDUFA12","Q9UI09","NDUFA12","NADH:ubiquinone oxidoreductase subunit A12 [Source:HGNC Symbol;Acc:HGNC:23987]","ENTREZGENE,GENECARDS,HGNC,UNIPROT_GN,WIKIGENE"
"NDUFA13","Q9P0J0","NDUFA13","NADH:ubiquinone oxidoreductase subunit A13 [Source:HGNC Symbol;Acc:HGNC:17194]","ENTREZGENE,GENECARDS,HGNC,UNIPROT_GN,WIKIGENE"
"NDUFA2","O43678","NDUFA2","NADH:ubiquinone oxidoreductase subunit A2 [Source:HGNC Symbol;Acc:HGNC:7685]","ENTREZGENE,GENECARDS,HGNC,UNIPROT_GN,WIKIGENE"
"NDUFA3","O95167","NDUFA3","NADH:ubiquinone oxidoreductase subunit A3 [Source:HGNC Symbol;Acc:HGNC:7686]","ENTREZGENE,GENECARDS,HGNC,UNIPROT_GN,WIKIGENE"
"NDUFA5","Q16718","NDUFA5","NADH:ubiquinone oxidoreductase subunit A5 [Source:HGNC Symbol;Acc:HGNC:7688]","ENTREZGENE,GENECARDS,HGNC,UNIPROT_GN,WIKIGENE"
"NDUFA6","P56556","NDUFA6","NADH:ubiquinone oxidoreductase subunit A6 [Source:HGNC Symbol;Acc:HGNC:7690]","ENTREZGENE,GENECARDS,HGNC,UNIPROT_GN,WIKIGENE"
"NDUFA7","O95182","NDUFA7","NADH:ubiquinone oxidoreductase subunit A7 [Source:HGNC Symbol;Acc:HGNC:7691]","ENTREZGENE,GENECARDS,HGNC,UNIPROT_GN,WIKIGENE"
"NDUFA8","P51970","NDUFA8","NADH:ubiquinone oxidoreductase subunit A8 [Source:HGNC Symbol;Acc:HGNC:7692]","ENTREZGENE,GENECARDS,HGNC,UNIPROT_GN,WIKIGENE"
"NDUFA9","Q16795","NDUFA9","NADH:ubiquinone oxidoreductase subunit A9 [Source:HGNC Symbol;Acc:HGNC:7693]","ENTREZGENE,GENECARDS,HGNC,UNIPROT_GN,WIKIGENE"
"NDUFAB1","O14561","NDUFAB1","NADH:ubiquinone oxidoreductase subunit AB1 [Source:HGNC Symbol;Acc:HGNC:7694]","ENTREZGENE,GENECARDS,HGNC,UNIPROT_GN,WIKIGENE"
"NDUFB1","O75438","NDUFB1","NADH:ubiquinone oxidoreductase subunit B1 [Source:HGNC Symbol;Acc:HGNC:7695]","ENTREZGENE,GENECARDS,HGNC,UNIPROT_GN,WIKIGENE"
"NDUFB10","O96000","NDUFB10","NADH:ubiquinone oxidoreductase subunit B10 [Source:HGNC Symbol;Acc:HGNC:7696]","ENTREZGENE,GENECARDS,HGNC,UNIPROT_GN,WIKIGENE"
"NDUFB11","Q9NX14","NDUFB11","NADH:ubiquinone oxidoreductase subunit B11 [Source:HGNC Symbol;Acc:HGNC:20372]","ENTREZGENE,GENECARDS,HGNC,UNIPROT_GN,WIKIGENE"
"NDUFB2","O95178","NDUFB2","NADH:ubiquinone oxidoreductase subunit B2 [Source:HGNC Symbol;Acc:HGNC:7697]","ENTREZGENE,GENECARDS,HGNC,UNIPROT_GN,WIKIGENE"
"NDUFB3","O43676","NDUFB3","NADH:ubiquinone oxidoreductase subunit B3 [Source:HGNC Symbol;Acc:HGNC:7698]","ENTREZGENE,GENECARDS,HGNC,UNIPROT_GN,WIKIGENE"
"NDUFB4","O95168","NDUFB4","NADH:ubiquinone oxidoreductase subunit B4 [Source:HGNC Symbol;Acc:HGNC:7699]","ENTREZGENE,GENECARDS,HGNC,UNIPROT_GN,WIKIGENE"
"NDUFB5","O43674","NDUFB5","NADH:ubiquinone oxidoreductase subunit B5 [Source:HGNC Symbol;Acc:HGNC:7700]","ENTREZGENE,GENECARDS,HGNC,UNIPROT_GN,WIKIGENE"
"NDUFB6","O95139","NDUFB6","NADH:ubiquinone oxidoreductase subunit B6 [Source:HGNC Symbol;Acc:HGNC:7701]","ENTREZGENE,GENECARDS,HGNC,UNIPROT_GN,WIKIGENE"
"NDUFB7","P17568","NDUFB7","NADH:ubiquinone oxidoreductase subunit B7 [Source:HGNC Symbol;Acc:HGNC:7702]","ENTREZGENE,GENECARDS,HGNC,UNIPROT_GN,WIKIGENE"
"NDUFB8","O95169","NDUFB8","NADH:ubiquinone oxidoreductase subunit B8 [Source:HGNC Symbol;Acc:HGNC:7703]","ENTREZGENE,GENECARDS,HGNC,UNIPROT_GN,WIKIGENE"
"NDUFB9","Q9Y6M9","NDUFB9","NADH:ubiquinone oxidoreductase subunit B9 [Source:HGNC Symbol;Acc:HGNC:7704]","ENTREZGENE,GENECARDS,HGNC,UNIPROT_GN,WIKIGENE"
"NDUFC1","O43677","NDUFC1","NADH:ubiquinone oxidoreductase subunit C1 [Source:HGNC Symbol;Acc:HGNC:7705]","ENTREZGENE,GENECARDS,HGNC,UNIPROT_GN,WIKIGENE"
"NDUFC2","O95298","NDUFC2","NADH:ubiquinone oxidoreductase subunit C2 [Source:HGNC Symbol;Acc:HGNC:7706]","ENTREZGENE,GENECARDS,HGNC,UNIPROT_GN,WIKIGENE"
"NDUFS1","P28331","NDUFS1","NADH:ubiquinone oxidoreductase core subunit S1 [Source:HGNC Symbol;Acc:HGNC:7707]","ENTREZGENE,GENECARDS,HGNC,UNIPROT_GN,WIKIGENE"
"NDUFS2","O75306","NDUFS2","NADH:ubiquinone oxidoreductase core subunit S2 [Source:HGNC Symbol;Acc:HGNC:7708]","ENTREZGENE,GENECARDS,HGNC,UNIPROT_GN,WIKIGENE"
"NDUFS3","O75489","NDUFS3","NADH:ubiquinone oxidoreductase core subunit S3 [Source:HGNC Symbol;Acc:HGNC:7710]","ENTREZGENE,GENECARDS,HGNC,UNIPROT_GN,WIKIGENE"
"NDUFS4","O43181","NDUFS4","NADH:ubiquinone oxidoreductase subunit S4 [Source:HGNC Symbol;Acc:HGNC:7711]","ENTREZGENE,GENECARDS,HGNC,UNIPROT_GN,WIKIGENE"
"NDUFS5","O43920","NDUFS5","NADH:ubiquinone oxidoreductase subunit S5 [Source:HGNC Symbol;Acc:HGNC:7712]","ENTREZGENE,GENECARDS,HGNC,UNIPROT_GN,WIKIGENE"
"NDUFS6","O75380","NDUFS6","NADH:ubiquinone oxidoreductase subunit S6 [Source:HGNC Symbol;Acc:HGNC:7713]","ENTREZGENE,GENECARDS,HGNC,UNIPROT_GN,WIKIGENE"
"NDUFS7","O75251","NDUFS7","NADH:ubiquinone oxidoreductase core subunit S7 [Source:HGNC Symbol;Acc:HGNC:7714]","ENTREZGENE,GENECARDS,HGNC,UNIPROT_GN,WIKIGENE"
"NDUFS8","O00217","NDUFS8","NADH:ubiquinone oxidoreductase core subunit S8 [Source:HGNC Symbol;Acc:HGNC:7715]","ENTREZGENE,GENECARDS,HGNC,UNIPROT_GN,WIKIGENE"
"NDUFV1","P49821","NDUFV1","NADH:ubiquinone oxidoreductase core subunit V1 [Source:HGNC Symbol;Acc:HGNC:7716]","ENTREZGENE,GENECARDS,HGNC,UNIPROT_GN,WIKIGENE"
"NDUFV2","P19404","NDUFV2","NADH:ubiquinone oxidoreductase core subunit V2 [Source:HGNC Symbol;Acc:HGNC:7717]","ENTREZGENE,GENECARDS,HGNC,UNIPROT_GN,WIKIGENE"
"NDUFV3","P56181","NDUFV3","NADH:ubiquinone oxidoreductase subunit V3 [Source:HGNC Symbol;Acc:HGNC:7719]","ENTREZGENE,GENECARDS,HGNC,UNIPROT_GN,WIKIGENE"
"NEIL1","Q96FI4","NEIL1","nei like DNA glycosylase 1 [Source:HGNC Symbol;Acc:HGNC:18448]","ENTREZGENE,GENECARDS,HGNC,UNIPROT_GN,WIKIGENE"
"NEIL2","Q969S2","NEIL2","nei like DNA glycosylase 2 [Source:HGNC Symbol;Acc:HGNC:18956]","ENTREZGENE,GENECARDS,HGNC,UNIPROT_GN,WIKIGENE"
"NME1","P15531","NME1","NME/NM23 nucleoside diphosphate kinase 1 [Source:HGNC Symbol;Acc:HGNC:7849]","ENTREZGENE,GENECARDS,HGNC,UNIPROT_GN,WIKIGENE"
"NME2","P22392","NME2","NME/NM23 nucleoside diphosphate kinase 2 [Source:HGNC Symbol;Acc:HGNC:7850]","ENTREZGENE,GENECARDS,HGNC,UNIPROT_GN,WIKIGENE"
"NME3","Q13232","NME3","NME/NM23 nucleoside diphosphate kinase 3 [Source:HGNC Symbol;Acc:HGNC:7851]","ENTREZGENE,GENECARDS,HGNC,UNIPROT_GN,WIKIGENE"
"NME4","O00746","NME4","NME/NM23 nucleoside diphosphate kinase 4 [Source:HGNC Symbol;Acc:HGNC:7852]","ENTREZGENE,GENECARDS,HGNC,UNIPROT_GN,WIKIGENE"
"NME5","P56597","NME5","NME/NM23 family member 5 [Source:HGNC Symbol;Acc:HGNC:7853]","ENTREZGENE,GENECARDS,HGNC,UNIPROT_GN,WIKIGENE"
"NME6","O75414","NME6","NME/NM23 nucleoside diphosphate kinase 6 [Source:HGNC Symbol;Acc:HGNC:20567]","ENTREZGENE,GENECARDS,HGNC,UNIPROT_GN,WIKIGENE"
"NME7","Q9Y5B8","NME7","NME/NM23 family member 7 [Source:HGNC Symbol;Acc:HGNC:20461]","ENTREZGENE,GENECARDS,HGNC,UNIPROT_GN,WIKIGENE"
"NME9","Q86XW9","NME9","NME/NM23 family member 9 [Source:HGNC Symbol;Acc:HGNC:21343]","ENTREZGENE,GENECARDS,HGNC,UNIPROT_GN,WIKIGENE"
"NMNAT1","Q9HAN9","NMNAT1","nicotinamide nucleotide adenylyltransferase 1 [Source:HGNC Symbol;Acc:HGNC:17877]","ENTREZGENE,GENECARDS,HGNC,UNIPROT_GN,WIKIGENE"
"NMNAT2","Q9BZQ4","NMNAT2","nicotinamide nucleotide adenylyltransferase 2 [Source:HGNC Symbol;Acc:HGNC:16789]","ENTREZGENE,GENECARDS,HGNC,UNIPROT_GN,WIKIGENE"
"NMNAT3","Q96T66","NMNAT3","nicotinamide nucleotide adenylyltransferase 3 [Source:HGNC Symbol;Acc:HGNC:20989]","ENTREZGENE,GENECARDS,HGNC,UNIPROT_GN,WIKIGENE"
"NMRK1","Q9NWW6","NMRK1","nicotinamide riboside kinase 1 [Source:HGNC Symbol;Acc:HGNC:26057]","ENTREZGENE,GENECARDS,HGNC,UNIPROT_GN,WIKIGENE"
"NMRK2","Q9NPI5","NMRK2","nicotinamide riboside kinase 2 [Source:HGNC Symbol;Acc:HGNC:17871]","ENTREZGENE,GENECARDS,HGNC,UNIPROT_GN,WIKIGENE"
"NNMT","P40261","NNMT","nicotinamide N-methyltransferase [Source:HGNC Symbol;Acc:HGNC:7861]","ENTREZGENE,GENECARDS,HGNC,UNIPROT_GN,WIKIGENE"
"NNT","Q13423","NNT","nicotinamide nucleotide transhydrogenase [Source:HGNC Symbol;Acc:HGNC:7863]","ENTREZGENE,GENECARDS,HGNC,UNIPROT_GN,WIKIGENE"
"NOCT","Q9UK39","NOCT","nocturnin [Source:HGNC Symbol;Acc:HGNC:14254]","ENTREZGENE,GENECARDS,HGNC,UNIPROT_GN,WIKIGENE"
"NOX1","Q9Y5S8","NOX1","NADPH oxidase 1 [Source:HGNC Symbol;Acc:HGNC:7889]","ENTREZGENE,GENECARDS,HGNC,UNIPROT_GN,WIKIGENE"
"NPPA","P01160","NPPA","natriuretic peptide A [Source:HGNC Symbol;Acc:HGNC:7939]","ENTREZGENE,GENECARDS,HGNC,UNIPROT_GN,WIKIGENE"
"NPPB","P16860","NPPB","natriuretic peptide B [Source:HGNC Symbol;Acc:HGNC:7940]","ENTREZGENE,GENECARDS,HGNC,UNIPROT_GN,WIKIGENE"
"NPPC","P23582","NPPC","natriuretic peptide C [Source:HGNC Symbol;Acc:HGNC:7941]","ENTREZGENE,GENECARDS,HGNC,UNIPROT_GN,WIKIGENE"
"NPR1","P16066","NPR1","natriuretic peptide receptor 1 [Source:HGNC Symbol;Acc:HGNC:7943]","ENTREZGENE,GENECARDS,HGNC,UNIPROT_GN,WIKIGENE"
"NPR2","P20594","NPR2","natriuretic peptide receptor 2 [Source:HGNC Symbol;Acc:HGNC:7944]","ENTREZGENE,GENECARDS,HGNC,UNIPROT_GN,WIKIGENE"
"NQO1","P15559","NQO1","NAD(P)H quinone dehydrogenase 1 [Source:HGNC Symbol;Acc:HGNC:2874]","ENTREZGENE,GENECARDS,HGNC,UNIPROT_GN,WIKIGENE"
"NT5C","Q8TCD5","NT5C","5', 3'-nucleotidase, cytosolic [Source:HGNC Symbol;Acc:HGNC:17144]","ENTREZGENE,GENECARDS,HGNC,UNIPROT_GN,WIKIGENE"
"NT5C1A","Q9BXI3","NT5C1A","5'-nucleotidase, cytosolic IA [Source:HGNC Symbol;Acc:HGNC:17819]","ENTREZGENE,GENECARDS,HGNC,UNIPROT_GN,WIKIGENE"
"NT5C1B","Q96P26","NT5C1B","5'-nucleotidase, cytosolic IB [Source:HGNC Symbol;Acc:HGNC:17818]","ENTREZGENE,GENECARDS,HGNC,UNIPROT_GN,WIKIGENE"
"NT5C2","P49902","NT5C2","5'-nucleotidase, cytosolic II [Source:HGNC Symbol;Acc:HGNC:8022]","ENTREZGENE,GENECARDS,HGNC,UNIPROT_GN,WIKIGENE"
"NT5C3A","Q9H0P0","NT5C3A","5'-nucleotidase, cytosolic IIIA [Source:HGNC Symbol;Acc:HGNC:17820]","ENTREZGENE,GENECARDS,HGNC,UNIPROT_GN,WIKIGENE"
"NT5C3B","Q969T7","NT5C3B","5'-nucleotidase, cytosolic IIIB [Source:HGNC Symbol;Acc:HGNC:28300]","ENTREZGENE,GENECARDS,HGNC,UNIPROT_GN,WIKIGENE"
"NT5DC1","Q5TFE4","NT5DC1","5'-nucleotidase domain containing 1 [Source:HGNC Symbol;Acc:HGNC:21556]","ENTREZGENE,GENECARDS,HGNC,UNIPROT_GN,WIKIGENE"
"NT5DC2","Q9H857","NT5DC2","5'-nucleotidase domain containing 2 [Source:HGNC Symbol;Acc:HGNC:25717]","ENTREZGENE,GENECARDS,HGNC,UNIPROT_GN,WIKIGENE"
"NT5DC3","Q86UY8","NT5DC3","5'-nucleotidase domain containing 3 [Source:HGNC Symbol;Acc:HGNC:30826]","ENTREZGENE,GENECARDS,HGNC,UNIPROT_GN,WIKIGENE"
"NT5DC4","Q86YG4","NT5DC4","5'-nucleotidase domain containing 4 [Source:HGNC Symbol;Acc:HGNC:27678]","ENTREZGENE,GENECARDS,HGNC,UNIPROT_GN,WIKIGENE"
"NT5E","P21589","NT5E","5'-nucleotidase ecto [Source:HGNC Symbol;Acc:HGNC:8021]","ENTREZGENE,GENECARDS,HGNC,UNIPROT_GN,WIKIGENE"
"NT5M","Q9NPB1","NT5M","5',3'-nucleotidase, mitochondrial [Source:HGNC Symbol;Acc:HGNC:15769]","ENTREZGENE,GENECARDS,HGNC,UNIPROT_GN,WIKIGENE"
"NTHL1","P78549","NTHL1","nth like DNA glycosylase 1 [Source:HGNC Symbol;Acc:HGNC:8028]","ENTREZGENE,GENECARDS,HGNC,UNIPROT_GN,WIKIGENE"
"NUDT10","Q8NFP7","NUDT10","nudix hydrolase 10 [Source:HGNC Symbol;Acc:HGNC:17621]","ENTREZGENE,GENECARDS,HGNC,UNIPROT_GN,WIKIGENE"
"NUDT11","Q96G61","NUDT11","nudix hydrolase 11 [Source:HGNC Symbol;Acc:HGNC:18011]","ENTREZGENE,GENECARDS,HGNC,UNIPROT_GN,WIKIGENE"
"NUDT12","Q9BQG2","NUDT12","nudix hydrolase 12 [Source:HGNC Symbol;Acc:HGNC:18826]","ENTREZGENE,GENECARDS,HGNC,UNIPROT_GN,WIKIGENE"
"NUDT13","Q86X67","NUDT13","nudix hydrolase 13 [Source:HGNC Symbol;Acc:HGNC:18827]","ENTREZGENE,GENECARDS,HGNC,UNIPROT_GN,WIKIGENE"
"NUDT14","O95848","NUDT14","nudix hydrolase 14 [Source:HGNC Symbol;Acc:HGNC:20141]","ENTREZGENE,GENECARDS,HGNC,UNIPROT_GN,WIKIGENE"
"NUDT15","Q9NV35","NUDT15","nudix hydrolase 15 [Source:HGNC Symbol;Acc:HGNC:23063]","ENTREZGENE,GENECARDS,HGNC,UNIPROT_GN,WIKIGENE"
"NUDT16","Q96DE0","NUDT16","nudix hydrolase 16 [Source:HGNC Symbol;Acc:HGNC:26442]","ENTREZGENE,GENECARDS,HGNC,UNIPROT_GN,WIKIGENE"
"NUDT17","P0C025","NUDT17","nudix hydrolase 17 [Source:HGNC Symbol;Acc:HGNC:26618]","ENTREZGENE,GENECARDS,HGNC,UNIPROT_GN,WIKIGENE"
"NUDT18","Q6ZVK8","NUDT18","nudix hydrolase 18 [Source:HGNC Symbol;Acc:HGNC:26194]","ENTREZGENE,GENECARDS,HGNC,UNIPROT_GN,WIKIGENE"
"NUDT19","A8MXV4","NUDT19","nudix hydrolase 19 [Source:HGNC Symbol;Acc:HGNC:32036]","ENTREZGENE,GENECARDS,HGNC,UNIPROT_GN,WIKIGENE"
"NUDT2","P50583","NUDT2","nudix hydrolase 2 [Source:HGNC Symbol;Acc:HGNC:8049]","ENTREZGENE,GENECARDS,HGNC,UNIPROT_GN,WIKIGENE"
"NUDT3","O95989","NUDT3","nudix hydrolase 3 [Source:HGNC Symbol;Acc:HGNC:8050]","ENTREZGENE,GENECARDS,HGNC,UNIPROT_GN,WIKIGENE"
"NUDT4","Q9NZJ9","NUDT4","nudix hydrolase 4 [Source:HGNC Symbol;Acc:HGNC:8051]","ENTREZGENE,GENECARDS,HGNC,UNIPROT_GN,WIKIGENE"
"NUDT4B","A0A024RBG1","NUDT4B","nudix hydrolase 4B [Source:HGNC Symbol;Acc:HGNC:18012]","ENTREZGENE,GENECARDS,HGNC,UNIPROT_GN,WIKIGENE"
"NUDT5","Q9UKK9","NUDT5","nudix hydrolase 5 [Source:HGNC Symbol;Acc:HGNC:8052]","ENTREZGENE,GENECARDS,HGNC,UNIPROT_GN,WIKIGENE"
"NUDT7","P0C024","NUDT7","nudix hydrolase 7 [Source:HGNC Symbol;Acc:HGNC:8054]","ENTREZGENE,GENECARDS,HGNC,UNIPROT_GN,WIKIGENE"
"NUDT8","Q8WV74","NUDT8","nudix hydrolase 8 [Source:HGNC Symbol;Acc:HGNC:8055]","ENTREZGENE,GENECARDS,HGNC,UNIPROT_GN,WIKIGENE"
"NUDT9","Q9BW91","NUDT9","nudix hydrolase 9 [Source:HGNC Symbol;Acc:HGNC:8056]","ENTREZGENE,GENECARDS,HGNC,UNIPROT_GN,WIKIGENE"
"OGDH","Q02218","OGDH","oxoglutarate dehydrogenase [Source:HGNC Symbol;Acc:HGNC:8124]","ENTREZGENE,GENECARDS,HGNC,UNIPROT_GN,WIKIGENE"
"OGG1","O15527","OGG1","8-oxoguanine DNA glycosylase [Source:HGNC Symbol;Acc:HGNC:8125]","ENTREZGENE,GENECARDS,HGNC,UNIPROT_GN,WIKIGENE"
"OLA1","Q9NTK5","OLA1","Obg like ATPase 1 [Source:HGNC Symbol;Acc:HGNC:28833]","ENTREZGENE,GENECARDS,HGNC,UNIPROT_GN,WIKIGENE"
"OPA1","O60313","OPA1","OPA1 mitochondrial dynamin like GTPase [Source:HGNC Symbol;Acc:HGNC:8140]","ENTREZGENE,GENECARDS,HGNC,UNIPROT_GN,WIKIGENE"
"OXSM","Q9NWU1","OXSM","3-oxoacyl-ACP synthase, mitochondrial [Source:HGNC Symbol;Acc:HGNC:26063]","ENTREZGENE,GENECARDS,HGNC,UNIPROT_GN,WIKIGENE"
"PAICS","P22234","PAICS","phosphoribosylaminoimidazole carboxylase and phosphoribosylaminoimidazolesuccinocarboxamide synthase [Source:HGNC Symbol;Acc:HGNC:8587]","ENTREZGENE,GENECARDS,HGNC,UNIPROT_GN,WIKIGENE"
"PANK1","Q8TE04","PANK1","pantothenate kinase 1 [Source:HGNC Symbol;Acc:HGNC:8598]","ENTREZGENE,GENECARDS,HGNC,UNIPROT_GN,WIKIGENE"
"PANK2","Q9BZ23","PANK2","pantothenate kinase 2 [Source:HGNC Symbol;Acc:HGNC:15894]","ENTREZGENE,GENECARDS,HGNC,UNIPROT_GN,WIKIGENE"
"PANK3","Q9H999","PANK3","pantothenate kinase 3 [Source:HGNC Symbol;Acc:HGNC:19365]","ENTREZGENE,GENECARDS,HGNC,UNIPROT_GN,WIKIGENE"
"PANK4","Q9NVE7","PANK4","pantothenate kinase 4 (inactive) [Source:HGNC Symbol;Acc:HGNC:19366]","ENTREZGENE,GENECARDS,HGNC,UNIPROT_GN,WIKIGENE"
"PAPSS1","O43252","PAPSS1","3'-phosphoadenosine 5'-phosphosulfate synthase 1 [Source:HGNC Symbol;Acc:HGNC:8603]","ENTREZGENE,GENECARDS,HGNC,UNIPROT_GN,WIKIGENE"
"PAPSS2","O95340","PAPSS2","3'-phosphoadenosine 5'-phosphosulfate synthase 2 [Source:HGNC Symbol;Acc:HGNC:8604]","ENTREZGENE,GENECARDS,HGNC,UNIPROT_GN,WIKIGENE"
"PARG","Q86W56","PARG","poly(ADP-ribose) glycohydrolase [Source:HGNC Symbol;Acc:HGNC:8605]","ENTREZGENE,GENECARDS,HGNC,UNIPROT_GN,WIKIGENE"
"PARK7","Q99497","PARK7","Parkinsonism associated deglycase [Source:HGNC Symbol;Acc:HGNC:16369]","ENTREZGENE,GENECARDS,HGNC,UNIPROT_GN,WIKIGENE"
"PARP1","P09874","PARP1","poly(ADP-ribose) polymerase 1 [Source:HGNC Symbol;Acc:HGNC:270]","ENTREZGENE,GENECARDS,HGNC,UNIPROT_GN,WIKIGENE"
"PARP10","Q53GL7","PARP10","poly(ADP-ribose) polymerase family member 10 [Source:HGNC Symbol;Acc:HGNC:25895]","ENTREZGENE,GENECARDS,HGNC,UNIPROT_GN,WIKIGENE"
"PARP16","Q8N5Y8","PARP16","poly(ADP-ribose) polymerase family member 16 [Source:HGNC Symbol;Acc:HGNC:26040]","ENTREZGENE,GENECARDS,HGNC,UNIPROT_GN,WIKIGENE"
"PARP9","Q8IXQ6","PARP9","poly(ADP-ribose) polymerase family member 9 [Source:HGNC Symbol;Acc:HGNC:24118]","ENTREZGENE,GENECARDS,HGNC,UNIPROT_GN,WIKIGENE"
"PC","P11498","PC","pyruvate carboxylase [Source:HGNC Symbol;Acc:HGNC:8636]","ENTREZGENE,GENECARDS,HGNC,UNIPROT_GN,WIKIGENE"
"PDE10A","Q9Y233","PDE10A","phosphodiesterase 10A [Source:HGNC Symbol;Acc:HGNC:8772]","ENTREZGENE,GENECARDS,HGNC,UNIPROT_GN,WIKIGENE"
"PDE2A","O00408","PDE2A","phosphodiesterase 2A [Source:HGNC Symbol;Acc:HGNC:8777]","ENTREZGENE,GENECARDS,HGNC,UNIPROT_GN,WIKIGENE"
"PDE4A","P27815","PDE4A","phosphodiesterase 4A [Source:HGNC Symbol;Acc:HGNC:8780]","ENTREZGENE,GENECARDS,HGNC,UNIPROT_GN,WIKIGENE"
"PDE4B","Q07343","PDE4B","phosphodiesterase 4B [Source:HGNC Symbol;Acc:HGNC:8781]","ENTREZGENE,GENECARDS,HGNC,UNIPROT_GN,WIKIGENE"
"PDE4C","Q08493","PDE4C","phosphodiesterase 4C [Source:HGNC Symbol;Acc:HGNC:8782]","ENTREZGENE,GENECARDS,HGNC,UNIPROT_GN,WIKIGENE"
"PDE4D","Q08499","PDE4D","phosphodiesterase 4D [Source:HGNC Symbol;Acc:HGNC:8783]","ENTREZGENE,GENECARDS,HGNC,UNIPROT_GN,WIKIGENE"
"PDE5A","O76074","PDE5A","phosphodiesterase 5A [Source:HGNC Symbol;Acc:HGNC:8784]","ENTREZGENE,GENECARDS,HGNC,UNIPROT_GN,WIKIGENE"
"PDE7A","Q13946","PDE7A","phosphodiesterase 7A [Source:HGNC Symbol;Acc:HGNC:8791]","ENTREZGENE,GENECARDS,HGNC,UNIPROT_GN,WIKIGENE"
"PDE7B","Q9NP56","PDE7B","phosphodiesterase 7B [Source:HGNC Symbol;Acc:HGNC:8792]","ENTREZGENE,GENECARDS,HGNC,UNIPROT_GN,WIKIGENE"
"PDE8A","O60658","PDE8A","phosphodiesterase 8A [Source:HGNC Symbol;Acc:HGNC:8793]","ENTREZGENE,GENECARDS,HGNC,UNIPROT_GN,WIKIGENE"
"PDE8B","O95263","PDE8B","phosphodiesterase 8B [Source:HGNC Symbol;Acc:HGNC:8794]","ENTREZGENE,GENECARDS,HGNC,UNIPROT_GN,WIKIGENE"
"PDE9A","O76083","PDE9A","phosphodiesterase 9A [Source:HGNC Symbol;Acc:HGNC:8795]","ENTREZGENE,GENECARDS,HGNC,UNIPROT_GN,WIKIGENE"
"PDHA1","P08559","PDHA1","pyruvate dehydrogenase E1 subunit alpha 1 [Source:HGNC Symbol;Acc:HGNC:8806]","ENTREZGENE,GENECARDS,HGNC,UNIPROT_GN,WIKIGENE"
"PDHA2","P29803","PDHA2","pyruvate dehydrogenase E1 subunit alpha 2 [Source:HGNC Symbol;Acc:HGNC:8807]","ENTREZGENE,GENECARDS,HGNC,UNIPROT_GN,WIKIGENE"
"PDHB","P11177","PDHB","pyruvate dehydrogenase E1 subunit beta [Source:HGNC Symbol;Acc:HGNC:8808]","ENTREZGENE,GENECARDS,HGNC,UNIPROT_GN,WIKIGENE"
"PDHX","O00330","PDHX","pyruvate dehydrogenase complex component X [Source:HGNC Symbol;Acc:HGNC:21350]","ENTREZGENE,GENECARDS,HGNC,UNIPROT_GN,WIKIGENE"
"PFAS","O15067","PFAS","phosphoribosylformylglycinamidine synthase [Source:HGNC Symbol;Acc:HGNC:8863]","ENTREZGENE,GENECARDS,HGNC,UNIPROT_GN,WIKIGENE"
"PGD","P52209","PGD","phosphogluconate dehydrogenase [Source:HGNC Symbol;Acc:HGNC:8891]","ENTREZGENE,GENECARDS,HGNC,UNIPROT_GN,WIKIGENE"
"PGLS","O95336","PGLS","6-phosphogluconolactonase [Source:HGNC Symbol;Acc:HGNC:8903]","ENTREZGENE,GENECARDS,HGNC,UNIPROT_GN,WIKIGENE"
"PIPOX","Q9P0Z9","PIPOX","pipecolic acid and sarcosine oxidase [Source:HGNC Symbol;Acc:HGNC:17804]","ENTREZGENE,GENECARDS,HGNC,UNIPROT_GN,WIKIGENE"
"PKLR","P30613","PKLR","pyruvate kinase L/R [Source:HGNC Symbol;Acc:HGNC:9020]","ENTREZGENE,GENECARDS,HGNC,UNIPROT_GN,WIKIGENE"
"PMVK","Q15126","PMVK","phosphomevalonate kinase [Source:HGNC Symbol;Acc:HGNC:9141]","ENTREZGENE,GENECARDS,HGNC,UNIPROT_GN,WIKIGENE"
"PNP","P00491","PNP","purine nucleoside phosphorylase [Source:HGNC Symbol;Acc:HGNC:7892]","ENTREZGENE,GENECARDS,HGNC,UNIPROT_GN,WIKIGENE"
"PPAT","Q06203","PPAT","phosphoribosyl pyrophosphate amidotransferase [Source:HGNC Symbol;Acc:HGNC:9238]","ENTREZGENE,GENECARDS,HGNC,UNIPROT_GN,WIKIGENE"
"PPCDC","Q96CD2","PPCDC","phosphopantothenoylcysteine decarboxylase [Source:HGNC Symbol;Acc:HGNC:28107]","ENTREZGENE,GENECARDS,HGNC,UNIPROT_GN,WIKIGENE"
"PPCS","Q9HAB8","PPCS","phosphopantothenoylcysteine synthetase [Source:HGNC Symbol;Acc:HGNC:25686]","ENTREZGENE,GENECARDS,HGNC,UNIPROT_GN,WIKIGENE"
"PPT1","P50897","PPT1","palmitoyl-protein thioesterase 1 [Source:HGNC Symbol;Acc:HGNC:9325]","ENTREZGENE,GENECARDS,HGNC,UNIPROT_GN,WIKIGENE"
"PPT2","Q9UMR5","PPT2","palmitoyl-protein thioesterase 2 [Source:HGNC Symbol;Acc:HGNC:9326]","ENTREZGENE,GENECARDS,HGNC,UNIPROT_GN,WIKIGENE"
"PRKAG2","Q9UGJ0","PRKAG2","protein kinase AMP-activated non-catalytic subunit gamma 2 [Source:HGNC Symbol;Acc:HGNC:9386]","ENTREZGENE,GENECARDS,HGNC,UNIPROT_GN,WIKIGENE"
"PRPS1","P60891","PRPS1","phosphoribosyl pyrophosphate synthetase 1 [Source:HGNC Symbol;Acc:HGNC:9462]","ENTREZGENE,GENECARDS,HGNC,UNIPROT_GN,WIKIGENE"
"PRPS1L1","P21108","PRPS1L1","phosphoribosyl pyrophosphate synthetase 1 like 1 [Source:HGNC Symbol;Acc:HGNC:9463]","ENTREZGENE,GENECARDS,HGNC,UNIPROT_GN,WIKIGENE"
"PRPS2","P11908","PRPS2","phosphoribosyl pyrophosphate synthetase 2 [Source:HGNC Symbol;Acc:HGNC:9465]","ENTREZGENE,GENECARDS,HGNC,UNIPROT_GN,WIKIGENE"
"PRPSAP1","Q14558","PRPSAP1","phosphoribosyl pyrophosphate synthetase associated protein 1 [Source:HGNC Symbol;Acc:HGNC:9466]","ENTREZGENE,GENECARDS,HGNC,UNIPROT_GN,WIKIGENE"
"PRPSAP2","O60256","PRPSAP2","phosphoribosyl pyrophosphate synthetase associated protein 2 [Source:HGNC Symbol;Acc:HGNC:9467]","ENTREZGENE,GENECARDS,HGNC,UNIPROT_GN,WIKIGENE"
"PTGIS","Q16647","PTGIS","prostaglandin I2 synthase [Source:HGNC Symbol;Acc:HGNC:9603]","ENTREZGENE,GENECARDS,HGNC,UNIPROT_GN,WIKIGENE"
"PTH","P01270","PTH","parathyroid hormone [Source:HGNC Symbol;Acc:HGNC:9606]","ENTREZGENE,GENECARDS,HGNC,UNIPROT_GN,WIKIGENE"
"PTHLH","P12272","PTHLH","parathyroid hormone like hormone [Source:HGNC Symbol;Acc:HGNC:9607]","ENTREZGENE,GENECARDS,HGNC,UNIPROT_GN,WIKIGENE"
"PUDP","Q08623","PUDP","pseudouridine 5'-phosphatase [Source:HGNC Symbol;Acc:HGNC:16818]","ENTREZGENE,GENECARDS,HGNC,UNIPROT_GN,WIKIGENE"
"QPRT","Q15274","QPRT","quinolinate phosphoribosyltransferase [Source:HGNC Symbol;Acc:HGNC:9755]","ENTREZGENE,GENECARDS,HGNC,UNIPROT_GN,WIKIGENE"
"RAB23","Q9ULC3","RAB23","RAB23, member RAS oncogene family [Source:HGNC Symbol;Acc:HGNC:14263]","ENTREZGENE,GENECARDS,HGNC,UNIPROT_GN,WIKIGENE"
"RAN","P62826","RAN","RAN, member RAS oncogene family [Source:HGNC Symbol;Acc:HGNC:9846]","ENTREZGENE,GENECARDS,HGNC,UNIPROT_GN,WIKIGENE"
"RBKS","Q9H477","RBKS","ribokinase [Source:HGNC Symbol;Acc:HGNC:30325]","ENTREZGENE,GENECARDS,HGNC,UNIPROT_GN,WIKIGENE"
"REXO2","Q9Y3B8","REXO2","RNA exonuclease 2 [Source:HGNC Symbol;Acc:HGNC:17851]","ENTREZGENE,GENECARDS,HGNC,UNIPROT_GN,WIKIGENE"
"RFK","Q969G6","RFK","riboflavin kinase [Source:HGNC Symbol;Acc:HGNC:30324]","ENTREZGENE,GENECARDS,HGNC,UNIPROT_GN,WIKIGENE"
"RHOA","P61586","RHOA","ras homolog family member A [Source:HGNC Symbol;Acc:HGNC:667]","ENTREZGENE,GENECARDS,HGNC,UNIPROT_GN,WIKIGENE"
"RHOQ","P17081","RHOQ","ras homolog family member Q [Source:HGNC Symbol;Acc:HGNC:17736]","ENTREZGENE,GENECARDS,HGNC,UNIPROT_GN,WIKIGENE"
"RNASEH2B","Q5TBB1","RNASEH2B","ribonuclease H2 subunit B [Source:HGNC Symbol;Acc:HGNC:25671]","ENTREZGENE,GENECARDS,HGNC,UNIPROT_GN,WIKIGENE"
"RORA","P35398","RORA","RAR related orphan receptor A [Source:HGNC Symbol;Acc:HGNC:10258]","ENTREZGENE,GENECARDS,HGNC,UNIPROT_GN,WIKIGENE"
"RPE","Q96AT9","RPE","ribulose-5-phosphate-3-epimerase [Source:HGNC Symbol;Acc:HGNC:10293]","ENTREZGENE,GENECARDS,HGNC,UNIPROT_GN,WIKIGENE"
"RPIA","P49247","RPIA","ribose 5-phosphate isomerase A [Source:HGNC Symbol;Acc:HGNC:10297]","ENTREZGENE,GENECARDS,HGNC,UNIPROT_GN,WIKIGENE"
"RRM1","P23921","RRM1","ribonucleotide reductase catalytic subunit M1 [Source:HGNC Symbol;Acc:HGNC:10451]","ENTREZGENE,GENECARDS,HGNC,UNIPROT_GN,WIKIGENE"
"RRM2","P31350","RRM2","ribonucleotide reductase regulatory subunit M2 [Source:HGNC Symbol;Acc:HGNC:10452]","ENTREZGENE,GENECARDS,HGNC,UNIPROT_GN,WIKIGENE"
"RRM2B","Q7LG56","RRM2B","ribonucleotide reductase regulatory TP53 inducible subunit M2B [Source:HGNC Symbol;Acc:HGNC:17296]","ENTREZGENE,GENECARDS,HGNC,UNIPROT_GN,WIKIGENE"
"SAMHD1","Q9Y3Z3","SAMHD1","SAM and HD domain containing deoxynucleoside triphosphate triphosphohydrolase 1 [Source:HGNC Symbol;Acc:HGNC:15925]","ENTREZGENE,GENECARDS,HGNC,UNIPROT_GN,WIKIGENE"
"SARM1","Q6SZW1","SARM1","sterile alpha and TIR motif containing 1 [Source:HGNC Symbol;Acc:HGNC:17074]","ENTREZGENE,GENECARDS,HGNC,UNIPROT_GN,WIKIGENE"
"SDHA","P31040","SDHA","succinate dehydrogenase complex flavoprotein subunit A [Source:HGNC Symbol;Acc:HGNC:10680]","ENTREZGENE,GENECARDS,HGNC,UNIPROT_GN,WIKIGENE"
"SDHB","P21912","SDHB","succinate dehydrogenase complex iron sulfur subunit B [Source:HGNC Symbol;Acc:HGNC:10681]","ENTREZGENE,GENECARDS,HGNC,UNIPROT_GN,WIKIGENE"
"SDHC","Q99643","SDHC","succinate dehydrogenase complex subunit C [Source:HGNC Symbol;Acc:HGNC:10682]","ENTREZGENE,GENECARDS,HGNC,UNIPROT_GN,WIKIGENE"
"SDHD","O14521","SDHD","succinate dehydrogenase complex subunit D [Source:HGNC Symbol;Acc:HGNC:10683]","ENTREZGENE,GENECARDS,HGNC,UNIPROT_GN,WIKIGENE"
"SHMT1","P34896","SHMT1","serine hydroxymethyltransferase 1 [Source:HGNC Symbol;Acc:HGNC:10850]","ENTREZGENE,GENECARDS,HGNC,UNIPROT_GN,WIKIGENE"
"SHPK","Q9UHJ6","SHPK","sedoheptulokinase [Source:HGNC Symbol;Acc:HGNC:1492]","ENTREZGENE,GENECARDS,HGNC,UNIPROT_GN,WIKIGENE"
"SLC22A13","Q9Y226","SLC22A13","solute carrier family 22 member 13 [Source:HGNC Symbol;Acc:HGNC:8494]","ENTREZGENE,GENECARDS,HGNC,UNIPROT_GN,WIKIGENE"
"SLC25A1","P53007","SLC25A1","solute carrier family 25 member 1 [Source:HGNC Symbol;Acc:HGNC:10979]","ENTREZGENE,GENECARDS,HGNC,UNIPROT_GN,WIKIGENE"
"SLC25A13","Q9UJS0","SLC25A13","solute carrier family 25 member 13 [Source:HGNC Symbol;Acc:HGNC:10983]","ENTREZGENE,GENECARDS,HGNC,UNIPROT_GN,WIKIGENE"
"SLC25A16","P16260","SLC25A16","solute carrier family 25 member 16 [Source:HGNC Symbol;Acc:HGNC:10986]","ENTREZGENE,GENECARDS,HGNC,UNIPROT_GN,WIKIGENE"
"SLC25A25","Q6KCM7","SLC25A25","solute carrier family 25 member 25 [Source:HGNC Symbol;Acc:HGNC:20663]","ENTREZGENE,GENECARDS,HGNC,UNIPROT_GN,WIKIGENE"
"SLC27A2","O14975","SLC27A2","solute carrier family 27 member 2 [Source:HGNC Symbol;Acc:HGNC:10996]","ENTREZGENE,GENECARDS,HGNC,UNIPROT_GN,WIKIGENE"
"SLC4A7","Q9Y6M7","SLC4A7","solute carrier family 4 member 7 [Source:HGNC Symbol;Acc:HGNC:11033]","ENTREZGENE,GENECARDS,HGNC,UNIPROT_GN,WIKIGENE"
"SLC5A8","Q8N695","SLC5A8","solute carrier family 5 member 8 [Source:HGNC Symbol;Acc:HGNC:19119]","ENTREZGENE,GENECARDS,HGNC,UNIPROT_GN,WIKIGENE"
"SMPDL3A","Q92484","SMPDL3A","sphingomyelin phosphodiesterase acid like 3A [Source:HGNC Symbol;Acc:HGNC:17389]","ENTREZGENE,GENECARDS,HGNC,UNIPROT_GN,WIKIGENE"
"SMUG1","Q53HV7","SMUG1","single-strand-selective monofunctional uracil-DNA glycosylase 1 [Source:HGNC Symbol;Acc:HGNC:17148]","ENTREZGENE,GENECARDS,HGNC,UNIPROT_GN,WIKIGENE"
"STOML2","Q9UJZ1","STOML2","stomatin like 2 [Source:HGNC Symbol;Acc:HGNC:14559]","ENTREZGENE,GENECARDS,HGNC,UNIPROT_GN,WIKIGENE"
"SUCLA2","Q9P2R7","SUCLA2","succinate-CoA ligase ADP-forming subunit beta [Source:HGNC Symbol;Acc:HGNC:11448]","ENTREZGENE,GENECARDS,HGNC,UNIPROT_GN,WIKIGENE"
"SUCLG1","P53597","SUCLG1","succinate-CoA ligase GDP/ADP-forming subunit alpha [Source:HGNC Symbol;Acc:HGNC:11449]","ENTREZGENE,GENECARDS,HGNC,UNIPROT_GN,WIKIGENE"
"SUCLG2","Q96I99","SUCLG2","succinate-CoA ligase GDP-forming subunit beta [Source:HGNC Symbol;Acc:HGNC:11450]","ENTREZGENE,GENECARDS,HGNC,UNIPROT_GN,WIKIGENE"
"SULT1A1","P50225","SULT1A1","sulfotransferase family 1A member 1 [Source:HGNC Symbol;Acc:HGNC:11453]","ENTREZGENE,GENECARDS,HGNC,UNIPROT_GN,WIKIGENE"
"SULT1A2","P50226","SULT1A2","sulfotransferase family 1A member 2 [Source:HGNC Symbol;Acc:HGNC:11454]","ENTREZGENE,GENECARDS,HGNC,UNIPROT_GN,WIKIGENE"
"SULT1A3","P0DMM9","SULT1A3","sulfotransferase family 1A member 3 [Source:HGNC Symbol;Acc:HGNC:11455]","ENTREZGENE,GENECARDS,HGNC,UNIPROT_GN,WIKIGENE"
"SULT1A4","P0DMN0","SULT1A4","sulfotransferase family 1A member 4 [Source:HGNC Symbol;Acc:HGNC:30004]","ENTREZGENE,GENECARDS,HGNC,UNIPROT_GN,WIKIGENE"
"SULT1B1","O43704","SULT1B1","sulfotransferase family 1B member 1 [Source:HGNC Symbol;Acc:HGNC:17845]","ENTREZGENE,GENECARDS,HGNC,UNIPROT_GN,WIKIGENE"
"SULT1C3","Q6IMI6","SULT1C3","sulfotransferase family 1C member 3 [Source:HGNC Symbol;Acc:HGNC:33543]","ENTREZGENE,GENECARDS,HGNC,UNIPROT_GN,WIKIGENE"
"SULT1C4","O75897","SULT1C4","sulfotransferase family 1C member 4 [Source:HGNC Symbol;Acc:HGNC:11457]","ENTREZGENE,GENECARDS,HGNC,UNIPROT_GN,WIKIGENE"
"SULT1E1","P49888","SULT1E1","sulfotransferase family 1E member 1 [Source:HGNC Symbol;Acc:HGNC:11377]","ENTREZGENE,GENECARDS,HGNC,UNIPROT_GN,WIKIGENE"
"SULT2A1","Q06520","SULT2A1","sulfotransferase family 2A member 1 [Source:HGNC Symbol;Acc:HGNC:11458]","ENTREZGENE,GENECARDS,HGNC,UNIPROT_GN,WIKIGENE"
"SULT2B1","O00204","SULT2B1","sulfotransferase family 2B member 1 [Source:HGNC Symbol;Acc:HGNC:11459]","ENTREZGENE,GENECARDS,HGNC,UNIPROT_GN,WIKIGENE"
"TBPL1","P62380","TBPL1","TATA-box binding protein like 1 [Source:HGNC Symbol;Acc:HGNC:11589]","ENTREZGENE,GENECARDS,HGNC,UNIPROT_GN,WIKIGENE"
"TDG","Q13569","TDG","thymine DNA glycosylase [Source:HGNC Symbol;Acc:HGNC:11700]","ENTREZGENE,GENECARDS,HGNC,UNIPROT_GN,WIKIGENE"
"TDO2","P48775","TDO2","tryptophan 2,3-dioxygenase [Source:HGNC Symbol;Acc:HGNC:11708]","ENTREZGENE,GENECARDS,HGNC,UNIPROT_GN,WIKIGENE"
"TECR","Q9NZ01","TECR","trans-2,3-enoyl-CoA reductase [Source:HGNC Symbol;Acc:HGNC:4551]","ENTREZGENE,GENECARDS,HGNC,UNIPROT_GN,WIKIGENE"
"TGFB1","None","None","None",""
"THEM5","Q8N1Q8","THEM5","thioesterase superfamily member 5 [Source:HGNC Symbol;Acc:HGNC:26755]","ENTREZGENE,GENECARDS,HGNC,UNIPROT_GN,WIKIGENE"
"TJP2","Q9UDY2","TJP2","tight junction protein 2 [Source:HGNC Symbol;Acc:HGNC:11828]","ENTREZGENE,GENECARDS,HGNC,UNIPROT_GN,WIKIGENE"
"TK1","P04183","TK1","thymidine kinase 1 [Source:HGNC Symbol;Acc:HGNC:11830]","ENTREZGENE,GENECARDS,HGNC,UNIPROT_GN,WIKIGENE"
"TK2","O00142","TK2","thymidine kinase 2 [Source:HGNC Symbol;Acc:HGNC:11831]","ENTREZGENE,GENECARDS,HGNC,UNIPROT_GN,WIKIGENE"
"TKT","P29401","TKT","transketolase [Source:HGNC Symbol;Acc:HGNC:11834]","ENTREZGENE,GENECARDS,HGNC,UNIPROT_GN,WIKIGENE"
"TP53I3","Q53FA7","TP53I3","tumor protein p53 inducible protein 3 [Source:HGNC Symbol;Acc:HGNC:19373]","ENTREZGENE,GENECARDS,HGNC,UNIPROT_GN,WIKIGENE"
"TPST1","O60507","TPST1","tyrosylprotein sulfotransferase 1 [Source:HGNC Symbol;Acc:HGNC:12020]","ENTREZGENE,GENECARDS,HGNC,UNIPROT_GN,WIKIGENE"
"TPST2","O60704","TPST2","tyrosylprotein sulfotransferase 2 [Source:HGNC Symbol;Acc:HGNC:12021]","ENTREZGENE,GENECARDS,HGNC,UNIPROT_GN,WIKIGENE"
"TYMP","P19971","TYMP","thymidine phosphorylase [Source:HGNC Symbol;Acc:HGNC:3148]","ENTREZGENE,GENECARDS,HGNC,UNIPROT_GN,WIKIGENE"
"TYMS","P04818","TYMS","thymidylate synthetase [Source:HGNC Symbol;Acc:HGNC:12441]","ENTREZGENE,GENECARDS,HGNC,UNIPROT_GN,WIKIGENE"
"UCK1","Q9HA47","UCK1","uridine-cytidine kinase 1 [Source:HGNC Symbol;Acc:HGNC:14859]","ENTREZGENE,GENECARDS,HGNC,UNIPROT_GN,WIKIGENE"
"UCK2","Q9BZX2","UCK2","uridine-cytidine kinase 2 [Source:HGNC Symbol;Acc:HGNC:12562]","ENTREZGENE,GENECARDS,HGNC,UNIPROT_GN,WIKIGENE"
"UCKL1","Q9NWZ5","UCKL1","uridine-cytidine kinase 1 like 1 [Source:HGNC Symbol;Acc:HGNC:15938]","ENTREZGENE,GENECARDS,HGNC,UNIPROT_GN,WIKIGENE"
"UMPS","P11172","UMPS","uridine monophosphate synthetase [Source:HGNC Symbol;Acc:HGNC:12563]","ENTREZGENE,GENECARDS,HGNC,UNIPROT_GN,WIKIGENE"
"UNG","P13051","UNG","uracil DNA glycosylase [Source:HGNC Symbol;Acc:HGNC:12572]","ENTREZGENE,GENECARDS,HGNC,UNIPROT_GN,WIKIGENE"
"UPB1","Q9UBR1","UPB1","beta-ureidopropionase 1 [Source:HGNC Symbol;Acc:HGNC:16297]","ENTREZGENE,GENECARDS,HGNC,UNIPROT_GN,WIKIGENE"
"UPP1","Q16831","UPP1","uridine phosphorylase 1 [Source:HGNC Symbol;Acc:HGNC:12576]","ENTREZGENE,GENECARDS,HGNC,UNIPROT_GN,WIKIGENE"
"UPP2","O95045","UPP2","uridine phosphorylase 2 [Source:HGNC Symbol;Acc:HGNC:23061]","ENTREZGENE,GENECARDS,HGNC,UNIPROT_GN,WIKIGENE"
"UQCC3","Q6UW78","UQCC3","ubiquinol-cytochrome c reductase complex assembly factor 3 [Source:HGNC Symbol;Acc:HGNC:34399]","ENTREZGENE,GENECARDS,HGNC,UNIPROT_GN,WIKIGENE"
"VCP","P55072","VCP","valosin containing protein [Source:HGNC Symbol;Acc:HGNC:12666]","ENTREZGENE,GENECARDS,HGNC,UNIPROT_GN,WIKIGENE"
"VPS9D1","Q9Y2B5","VPS9D1","VPS9 domain containing 1 [Source:HGNC Symbol;Acc:HGNC:13526]","ENTREZGENE,GENECARDS,HGNC,UNIPROT_GN,WIKIGENE"
"XDH","P47989","XDH","xanthine dehydrogenase [Source:HGNC Symbol;Acc:HGNC:12805]","ENTREZGENE,GENECARDS,HGNC,UNIPROT_GN,WIKIGENE"